rep,budget,scenario,metric,n,mean_pct,ci95_lo_pct,ci95_hi_pct
R0,20000,DOMAIN_OOD_EXACT,tpr,10,72.56317641235569,71.88121452752861,73.24513829718276
R0,20000,DOMAIN_OOD_EXACT,fpr,10,1.091191760190444,1.0452827437306846,1.1371007766502033
R0,20000,DOMAIN_TEMPLATE_OOD_EXACT,tpr,10,72.25659559089267,71.4970956264818,73.01609555530354
R0,20000,DOMAIN_TEMPLATE_OOD_EXACT,fpr,10,1.073069403714562,1.0280788008691992,1.1180600065599249
R0,20000,LATE_TEST_Q4,tpr,10,68.55673692385977,67.45114983001234,69.6623240177072
R0,20000,LATE_TEST_Q4,fpr,10,0.73901535203811,0.6767841141759476,0.8012465899002724
R0,20000,OFFICIAL_TEST,tpr,10,71.42773437499999,70.74892743332128,72.10654131667869
R0,20000,OFFICIAL_TEST,fpr,10,0.5672802980495261,0.5453723447571274,0.5891882513419249
R0,20000,TEMPLATE_OOD_EXACT,tpr,10,71.12510223074537,70.37114012318808,71.87906433830267
R0,20000,TEMPLATE_OOD_EXACT,fpr,10,0.561652178727641,0.5399458706302726,0.5833584868250095
R0,200000,DOMAIN_OOD_EXACT,tpr,10,78.9541277039772,78.9541277039772,78.9541277039772
R0,200000,DOMAIN_OOD_EXACT,fpr,10,1.15872321818976,1.15872321818976,1.15872321818976
R0,200000,DOMAIN_TEMPLATE_OOD_EXACT,tpr,10,79.08782074448861,79.08782074448861,79.08782074448861
R0,200000,DOMAIN_TEMPLATE_OOD_EXACT,fpr,10,1.14613880742913,1.14613880742913,1.14613880742913
R0,200000,LATE_TEST_Q4,tpr,10,75.43587134095716,75.43587134095715,75.43587134095718
R0,200000,LATE_TEST_Q4,fpr,10,0.89994706193753,0.89994706193753,0.89994706193753
R0,200000,OFFICIAL_TEST,tpr,10,77.92447916666667,77.92447916666667,77.92447916666667
R0,200000,OFFICIAL_TEST,fpr,10,0.6158229235152299,0.6158229235152299,0.6158229235152299
R0,200000,TEMPLATE_OOD_EXACT,tpr,10,78.0168645477876,78.01686454778759,78.0168645477876
R0,200000,TEMPLATE_OOD_EXACT,fpr,10,0.61347655168595,0.61347655168595,0.61347655168595
RUT,10000,DOMAIN_OOD_EXACT,tpr,10,74.26174900670225,73.56494735218935,74.95855066121516
RUT,10000,DOMAIN_OOD_EXACT,fpr,10,0.930622358256808,0.8833973087105697,0.9778474078030462
RUT,10000,DOMAIN_TEMPLATE_OOD_EXACT,tpr,10,74.00896277556922,73.26299352352981,74.7549320276086
RUT,10000,DOMAIN_TEMPLATE_OOD_EXACT,fpr,10,0.919110459433037,0.8727372440600986,0.9654836748059755
RUT,10000,LATE_TEST_Q4,tpr,10,70.1826508476392,68.89652886396249,71.4687728313159
RUT,10000,LATE_TEST_Q4,fpr,10,0.633139227104284,0.5863413519220257,0.6799371022865425
RUT,10000,OFFICIAL_TEST,tpr,10,73.54205729166668,72.8497770620299,74.23433752130344
RUT,10000,OFFICIAL_TEST,fpr,10,0.50460223537146,0.48880667498793606,0.5203977957549839
RUT,10000,TEMPLATE_OOD_EXACT,tpr,10,73.22118503059872,72.47856836440094,73.96380169679651
RUT,10000,TEMPLATE_OOD_EXACT,fpr,10,0.500193787719389,0.4842276910153924,0.5161598844233857
RUT,20000,DOMAIN_OOD_EXACT,tpr,10,78.20724806357107,77.46663647808109,78.94785964906104
RUT,20000,DOMAIN_OOD_EXACT,fpr,10,0.9505417091774739,0.910627936617819,0.9904554817371288
RUT,20000,DOMAIN_TEMPLATE_OOD_EXACT,tpr,10,78.14354897000362,77.45114479725576,78.83595314275146
RUT,20000,DOMAIN_TEMPLATE_OOD_EXACT,fpr,10,0.9381720430107479,0.8972277798783342,0.9791163061431616
RUT,20000,LATE_TEST_Q4,tpr,10,74.0619727362811,72.81336998981386,75.31057548274833
RUT,20000,LATE_TEST_Q4,fpr,10,0.6807834833245071,0.6392917240778592,0.722275242571155
RUT,20000,OFFICIAL_TEST,tpr,10,77.51145833333334,76.7844488770356,78.23846778963107
RUT,20000,OFFICIAL_TEST,fpr,10,0.5199430199430131,0.5024884091382109,0.5373976307478151
RUT,20000,TEMPLATE_OOD_EXACT,tpr,10,77.38105981556164,76.70334127768184,78.05877835344143
RUT,20000,TEMPLATE_OOD_EXACT,fpr,10,0.51569680527102,0.4973949236512864,0.5339986868907537
RUT,50000,DOMAIN_OOD_EXACT,tpr,10,82.19167636553358,81.31651795974997,83.06683477131719
RUT,50000,DOMAIN_OOD_EXACT,fpr,10,0.9789632220764659,0.9476089545277172,1.0103174896252147
RUT,50000,DOMAIN_TEMPLATE_OOD_EXACT,tpr,10,82.33277918323093,81.39226906735499,83.27328929910688
RUT,50000,DOMAIN_TEMPLATE_OOD_EXACT,fpr,10,0.965786901270769,0.9351418340973041,0.9964319684442339
RUT,50000,LATE_TEST_Q4,tpr,10,79.03639626128177,77.50942665541005,80.5633658671535
RUT,50000,LATE_TEST_Q4,fpr,10,0.728427739544729,0.6959392348286537,0.7609162442608043
RUT,50000,OFFICIAL_TEST,tpr,10,81.54947916666666,80.68136519831197,82.41759313502135
RUT,50000,OFFICIAL_TEST,fpr,10,0.5368178829717241,0.5230340546476928,0.5506017112957553
RUT,50000,TEMPLATE_OOD_EXACT,tpr,10,81.63089765644831,80.69876950976177,82.56302580313485
RUT,50000,TEMPLATE_OOD_EXACT,fpr,10,0.5327501245778141,0.5193668212304382,0.54613342792519
RUT,100000,DOMAIN_OOD_EXACT,tpr,10,84.92087062380436,84.34477349960106,85.49696774800766
RUT,100000,DOMAIN_OOD_EXACT,fpr,10,0.9847932760044651,0.9574617143801747,1.0121248376287555
RUT,100000,DOMAIN_TEMPLATE_OOD_EXACT,tpr,10,85.15677629201302,84.59883878382539,85.71471380020064
RUT,100000,DOMAIN_TEMPLATE_OOD_EXACT,fpr,10,0.9696969696969651,0.9417770604412204,0.9976168789527096
RUT,100000,LATE_TEST_Q4,tpr,10,82.81903639626128,81.88448823199357,83.75358456052899
RUT,100000,LATE_TEST_Q4,fpr,10,0.759131815775539,0.729036659964258,0.7892269715868199
RUT,100000,OFFICIAL_TEST,tpr,10,84.28229166666667,83.70953523831778,84.85504809501553
RUT,100000,OFFICIAL_TEST,fpr,10,0.541420118343189,0.5284214194764747,0.5544188172099033
RUT,100000,TEMPLATE_OOD_EXACT,tpr,10,84.46769508446374,83.91495481013644,85.02043535879106
RUT,100000,TEMPLATE_OOD_EXACT,fpr,10,0.53607219976745,0.5230908735633039,0.5490535259715961
