system,replicate,AP,P_at_R90
FULL,0,0.9967547159107822,0.9969506932857718
FULL,1,0.9969168624215412,0.9973193825932811
FULL,2,0.9968182684668674,0.9969218819671188
FULL,3,0.996666549147847,0.9967006209748296
FULL,4,0.9967463132263433,0.997016818227673
FULL,5,0.9968021891286792,0.9972877443554786
FULL,6,0.996790015267667,0.9968577029520295
FULL,7,0.9967039294614325,0.9969597417941846
FULL,8,0.9966647203275335,0.996952359046606
FULL,9,0.9967444387639388,0.9968100698336063
FULL,10,0.9967180664081463,0.9970080121981041
FULL,11,0.9968461707461864,0.9971885813148789
FULL,12,0.99671837221944,0.9969288000692101
FULL,13,0.9967067233863771,0.9970757706712763
FULL,14,0.9967635970809529,0.9971582713057527
FULL,15,0.9966257915039499,0.996903846430783
FULL,16,0.996735430288469,0.9969071423433792
FULL,17,0.996966100557561,0.9975081022686352
FULL,18,0.9969797051163746,0.9974745652644491
FULL,19,0.9967248979698312,0.9967511464427928
FULL,20,0.996828569440065,0.9972924317707208
FULL,21,0.9969411894351289,0.9973888456100869
FULL,22,0.9967528456105765,0.9972305961430282
FULL,23,0.9969163995203983,0.9974666052510364
FULL,24,0.9966731455312683,0.9969945787377231
FULL,25,0.99671514786048,0.9968068580634025
FULL,26,0.9969894883655817,0.9972015059936817
FULL,27,0.99678128515115,0.9970143225973951
FULL,28,0.9967206627008182,0.9972735141373341
FULL,29,0.9966624746953892,0.9974531641198308
FULL,30,0.9966482670529706,0.9969465648854962
FULL,31,0.9970178520030392,0.997128458412899
FULL,32,0.9966636738917068,0.9972307559170958
FULL,33,0.996823612726257,0.997030330988352
FULL,34,0.9965821299624296,0.996783416726233
FULL,35,0.9968883844147328,0.9972302765395767
FULL,36,0.9967029113034068,0.9973035328046143
FULL,37,0.9968521650341104,0.9970435535044707
FULL,38,0.9968422100559978,0.9970465350814004
FULL,39,0.9970493795296033,0.9976013329120106
FULL,40,0.9970596606170277,0.9972430429912984
FULL,41,0.9966773493426402,0.9970235099575814
FULL,42,0.9967267905084025,0.9971490691278744
FULL,43,0.9967760560895632,0.9970302881773754
FULL,44,0.9968998311697471,0.9973170626162967
FULL,45,0.9966820017712887,0.9968600112348222
FULL,46,0.9967783668894098,0.9971971079903983
FULL,47,0.9970290680137806,0.9974205262702828
FULL,48,0.9969091946010356,0.9972600369173973
FULL,49,0.9966802145155076,0.9971740008074284
FULL,50,0.9969386123807658,0.9971318209333833
FULL,51,0.9966714428176018,0.9970157000129752
FULL,52,0.9967658826503782,0.9972317540874881
FULL,53,0.9968405335909112,0.9974173255612627
FULL,54,0.9968274450629491,0.9971738378128965
FULL,55,0.9968501720946035,0.9972054565621353
FULL,56,0.9967273699192242,0.9969286672146039
FULL,57,0.9966834879956139,0.9972895040369089
FULL,58,0.9969312845377594,0.9973341787108952
FULL,59,0.9967980726258597,0.9972452187959732
FULL,60,0.9966634953923305,0.9968916838151703
FULL,61,0.9966779859543187,0.9970945285081411
FULL,62,0.9968088760000022,0.9972744617061869
FULL,63,0.9970817053134075,0.997590639562564
FULL,64,0.9969096554346788,0.9972735141373341
FULL,65,0.9969715838634635,0.9978223875861671
FULL,66,0.9968318927962465,0.9970609422273448
FULL,67,0.9966799769196757,0.9970737051505673
FULL,68,0.9968297328752649,0.997274064672455
FULL,69,0.9967528731257629,0.9971619149150736
FULL,70,0.9967432722904095,0.9973178363880196
FULL,71,0.9970294141897952,0.9974564580100017
FULL,72,0.9969563365013867,0.9972039663322956
FULL,73,0.9969382810003818,0.9973596883566584
FULL,74,0.9966353565537955,0.9968819599109131
FULL,75,0.9968146716901886,0.9974028222664705
FULL,76,0.996768277798194,0.9969171207341554
FULL,77,0.99676402144794,0.9973035328046143
FULL,78,0.9968323182529368,0.9973317564254189
FULL,79,0.996741792419261,0.9971337625487908
FULL,80,0.996835772488098,0.9968770238180902
FULL,81,0.9967562938157939,0.9969005434860957
FULL,82,0.9967762511619507,0.997136690647482
FULL,83,0.9968398536775674,0.9973749873797471
FULL,84,0.9966364999066815,0.9972217023910633
FULL,85,0.9968368723709403,0.9970509113403249
FULL,86,0.9967172339565767,0.9967268899687108
FULL,87,0.9968925440750265,0.9974196710440962
FULL,88,0.9967044437223648,0.9969197109710107
FULL,89,0.996779559748623,0.99701699018633
FULL,90,0.9967045887664726,0.9971565614498664
FULL,91,0.9968371395765917,0.9974747474747475
FULL,92,0.996673046037387,0.996977329974811
FULL,93,0.996715406095025,0.9971737970613257
FULL,94,0.9968143427196312,0.997273671455773
FULL,95,0.9967736583689867,0.9969158043409333
FULL,96,0.9969256475670192,0.9972015867291741
FULL,97,0.9966606385439316,0.9971617104656524
FULL,98,0.9967414513256548,0.9969425134846693
FULL,99,0.9968661833485359,0.9973967696932216
FULL,100,0.9968308394214509,0.9971338038311969
FULL,101,0.996903974145638,0.9967476866842234
FULL,102,0.9968338389345377,0.997131366132822
FULL,103,0.9967992336540124,0.9970863143318717
FULL,104,0.9968150372344904,0.9974036089835129
FULL,105,0.9968868728344155,0.9975423619195447
FULL,106,0.996887331633976,0.997086818575137
FULL,107,0.9967639387687113,0.9968281430219147
FULL,108,0.9967322128708118,0.9970916839437918
FULL,109,0.9968400047912952,0.9973902009977795
FULL,110,0.9968473887110617,0.9970044002350614
FULL,111,0.9967484502188287,0.9969985926415257
FULL,112,0.9967675744957223,0.9970559935662688
FULL,113,0.9966866847318626,0.9971451640809735
FULL,114,0.9966624951951802,0.9967008586411571
FULL,115,0.9969677401044333,0.9976046176046176
FULL,116,0.9969422190650119,0.9973608687500901
FULL,117,0.9968230728509347,0.9969711829693946
FULL,118,0.9968411335385049,0.997148494318591
FULL,119,0.9968669589127819,0.9974755853035789
FULL,120,0.996944432810388,0.9974889963200808
FULL,121,0.9967628583184469,0.9972509283514206
FULL,122,0.9966439948338016,0.9969326478593338
FULL,123,0.9967810569257909,0.9971961407393561
FULL,124,0.9967863993580084,0.9969409737182249
FULL,125,0.9967098959696318,0.9970765287018636
FULL,126,0.9968466586246814,0.9970741690928483
FULL,127,0.9967563726956045,0.9971194008353738
FULL,128,0.9967166933110578,0.9970774546501584
FULL,129,0.996771782312053,0.9973164819944599
FULL,130,0.9967131121772319,0.9969140698227753
FULL,131,0.9966791002438979,0.9970639032815198
FULL,132,0.9968731169806405,0.9970141503310399
FULL,133,0.9964724572942768,0.9965780014378145
FULL,134,0.9966734518011539,0.9972981906500151
FULL,135,0.996816755959093,0.9972882138272247
FULL,136,0.9967519601299967,0.997117574150405
FULL,137,0.9967977530825902,0.9973793341780901
FULL,138,0.9967141286571761,0.9971608923733211
FULL,139,0.9969610849216572,0.9972626422705662
FULL,140,0.9965925974970008,0.9969671271075592
FULL,141,0.9968688484855984,0.9972646521069377
FULL,142,0.9967203892093551,0.9969528409009242
FULL,143,0.9969161813442959,0.9971740008074284
FULL,144,0.9967593390774326,0.9970074956479203
FULL,145,0.996869951197309,0.9968749549964717
FULL,146,0.996805594355169,0.9969248897127502
FULL,147,0.9967417030933039,0.9973031439284684
FULL,148,0.9968898760381935,0.9972482351246218
FULL,149,0.9966851871570509,0.9968573858640026
FULL,150,0.9968247520357322,0.9975761772853186
FULL,151,0.9966491603533376,0.9969334868989347
FULL,152,0.9967336220389753,0.9971747747747748
FULL,153,0.9967918881959228,0.997201263759251
FULL,154,0.9964966038550835,0.9967128501607532
FULL,155,0.9966923666483901,0.9970001153801776
FULL,156,0.9967719453336433,0.9974185546790499
FULL,157,0.9969939069284895,0.9973050871883556
FULL,158,0.9966868611941295,0.9970233815535935
FULL,159,0.9968399720675185,0.9971014492753624
FULL,160,0.9970296963237688,0.9976371599815583
FULL,161,0.9967859544559503,0.9971656307550645
FULL,162,0.9970562244136806,0.9972882529425341
FULL,163,0.9966749258549523,0.9969621492434168
FULL,164,0.9968371852689497,0.9968944099378882
FULL,165,0.9968320602926997,0.9972102387115329
FULL,166,0.9969759153579135,0.9975806800017281
FULL,167,0.9966748872165722,0.9973173721785534
FULL,168,0.996704593428972,0.9971095356562505
FULL,169,0.9968258445159506,0.9972765785757515
FULL,170,0.9967591868953969,0.9972810058839608
FULL,171,0.996873735595346,0.9973480535577879
FULL,172,0.9968839266971423,0.9974462927962372
FULL,173,0.9968340340140651,0.9972367341651915
FULL,174,0.9969334887711971,0.997446955819354
FULL,175,0.9967081053585727,0.996899470746867
FULL,176,0.9967659362702396,0.996958602398524
FULL,177,0.9968000698400502,0.9972336685589143
FULL,178,0.9966772501485037,0.9972727403218167
FULL,179,0.9965954062594911,0.9970433403043196
FULL,180,0.9967763559368414,0.9971027027027027
FULL,181,0.9968722583216013,0.9970435108669004
FULL,182,0.9969780625847531,0.9972162123178999
FULL,183,0.9968924048570892,0.9975610108094847
FULL,184,0.9968212349999899,0.9973025604038946
FULL,185,0.9968265513061583,0.9971922246220303
FULL,186,0.9966967317322851,0.9967768392880269
FULL,187,0.9967665921014318,0.9969607490097228
FULL,188,0.9966852456920494,0.9969431306955819
FULL,189,0.9967066101460316,0.997346600331675
FULL,190,0.9967230849494458,0.9968864864864865
FULL,191,0.9968551460382818,0.9971764434712458
FULL,192,0.99676247073026,0.9969423370929126
FULL,193,0.9968351600883134,0.9970909719321995
FULL,194,0.996651440141864,0.9967555408152965
FULL,195,0.9967099631566444,0.996947839732792
FULL,196,0.9968096938242371,0.9971463572818332
FULL,197,0.9969136489501338,0.9971580253325255
FULL,198,0.9967686197003507,0.9972518776438088
FULL,199,0.9969026280145215,0.9973888456100869
FULL,200,0.9967766049642944,0.997261024376883
FULL,201,0.9967526962568354,0.9968693454347014
FULL,202,0.9967667391945013,0.9968606442879567
FULL,203,0.9968032437471772,0.9973162883979974
FULL,204,0.996707883524932,0.9970603418607319
FULL,205,0.9967991274110355,0.9970542591102426
FULL,206,0.9966655471481121,0.9968713956170704
FULL,207,0.9968318909837883,0.9972074678642887
FULL,208,0.9968138684095325,0.9973113641591902
FULL,209,0.9967318218058201,0.9974313833011054
FULL,210,0.9966532856435322,0.9968853640951695
FULL,211,0.9968619279299282,0.9970928977477154
FULL,212,0.9968957839741794,0.9973604119488237
FULL,213,0.9967035240802005,0.9971194838114991
FULL,214,0.9967796975301753,0.9968467884756598
FULL,215,0.9968797580527886,0.9973262800793491
FULL,216,0.9967494680315971,0.9970039611091106
FULL,217,0.9966444799987323,0.9968461981566821
FULL,218,0.996895246866793,0.9970202280671595
FULL,219,0.9967326764638612,0.9970871966430662
FULL,220,0.9967882725843151,0.9972379267187432
FULL,221,0.9968929263297737,0.9972445034335506
FULL,222,0.9966053181788177,0.9967147920809198
FULL,223,0.9967651387169539,0.996982411771468
FULL,224,0.996674710958801,0.9970826207550695
FULL,225,0.9968532226452018,0.9971893107325088
FULL,226,0.9967895874377762,0.9969291985640759
FULL,227,0.9967534852370603,0.9970721013081794
FULL,228,0.9967610577450409,0.9973889209463358
FULL,229,0.996821695539336,0.9972099578617347
FULL,230,0.9969420295964044,0.9975036795474878
FULL,231,0.9968694634885399,0.9969568478135457
FULL,232,0.9968528276375446,0.9973315255019617
FULL,233,0.9967009669098609,0.9969712266532055
FULL,234,0.9967426690806557,0.9971523083561052
FULL,235,0.9967134915549558,0.9969190901238123
FULL,236,0.9968879218287543,0.997520184544406
FULL,237,0.9967743409765447,0.9970347339177499
FULL,238,0.9968590201728849,0.9974316427386192
FULL,239,0.9968098465958716,0.9973018598409973
FULL,240,0.996852587854648,0.9970581449007845
FULL,241,0.9967812049256397,0.9971898777957113
FULL,242,0.996586869020768,0.9969732783719121
FULL,243,0.9967157837060995,0.9971421185661765
FULL,244,0.9967162652409979,0.9972223021789816
FULL,245,0.996742351698197,0.9973637581572238
FULL,246,0.996738609098666,0.9970291318142487
FULL,247,0.9968774829727045,0.9974701011959521
FULL,248,0.9970095287330442,0.9971039967726133
FULL,249,0.9967252461256116,0.9971914562659331
FULL,250,0.9969007051388287,0.9975327167529975
FULL,251,0.9969262770618454,0.9973746844572665
FULL,252,0.9969396953729626,0.9971772974062819
FULL,253,0.9969666339173867,0.9972049331489166
FULL,254,0.99664124747271,0.9970478110599078
FULL,255,0.9967516089925732,0.9968442439874923
FULL,256,0.9968153580404036,0.997287900864121
FULL,257,0.996743148759053,0.9969764595781441
FULL,258,0.9967764387722957,0.9971326474741362
FULL,259,0.996514576390903,0.9969139363174896
FULL,260,0.9966581424968417,0.9969733219953014
FULL,261,0.9967359953880124,0.9970407401022812
FULL,262,0.9968602220768705,0.9972036036036036
FULL,263,0.9967143863886225,0.9970473008008296
FULL,264,0.9968491696262312,0.996799538672241
FULL,265,0.996633870368108,0.996733765953467
FULL,266,0.9968178913499139,0.9971169924465202
FULL,267,0.9967917682241212,0.9972605899824101
FULL,268,0.9968891756220717,0.9974323836999639
FULL,269,0.9967486123997482,0.9971885407805764
FULL,270,0.9968843365460631,0.9969881254323265
FULL,271,0.9969455244344855,0.9970469179907518
FULL,272,0.9968649585454485,0.9972769709543569
FULL,273,0.9967658382647592,0.997320000576344
FULL,274,0.9968350581905262,0.9968720720720721
FULL,275,0.9968038672276287,0.9972443046558266
FULL,276,0.9966874865009074,0.9971009894135633
FULL,277,0.996793397391353,0.9971947289676603
FULL,278,0.9967258646393402,0.9972626817075103
FULL,279,0.996982915389838,0.9973046599115006
FULL,280,0.9968478174899317,0.9970884141947015
FULL,281,0.9969397199674793,0.997274811471746
FULL,282,0.9967305554182597,0.9971006966982561
FULL,283,0.9966639284820314,0.997096324406687
FULL,284,0.9969047045306033,0.99708627230372
FULL,285,0.9966232640715038,0.9969425575794286
FULL,286,0.9968809478919999,0.9971599919268807
FULL,287,0.9967333069762333,0.9973215442881211
FULL,288,0.9969107025782014,0.9974619655346456
FULL,289,0.9967777813408468,0.9971019089912914
FULL,290,0.9966576931702318,0.9970717211932375
FULL,291,0.9967170324035105,0.997123419678686
FULL,292,0.9968248012468464,0.9971248670251
FULL,293,0.9968121659497884,0.9972058188103126
FULL,294,0.9969071227089292,0.997634296924586
FULL,295,0.9966949463182222,0.9970150545077003
FULL,296,0.9966996586490291,0.9973907277130666
FULL,297,0.9968332031367783,0.997115329140945
FULL,298,0.9968570084807458,0.997216292621012
FULL,299,0.9966765069728047,0.9971212252065521
FULL,300,0.996552661354634,0.9968577482450957
FULL,301,0.9966980134422871,0.9968173504802776
FULL,302,0.99684178763274,0.9971056231550147
FULL,303,0.9969168560149626,0.9968933379357956
FULL,304,0.9967577677471975,0.9969479715527915
FULL,305,0.9967947157802307,0.9975185388233258
FULL,306,0.9966918334907013,0.9971387491013659
FULL,307,0.9967848873207433,0.9971072893430237
FULL,308,0.9968708081172617,0.9971882975502141
FULL,309,0.9967913383836269,0.9971767688407467
FULL,310,0.9968356512983191,0.9972587719298246
FULL,311,0.9967731453454455,0.9971293798594983
FULL,312,0.9966394231795207,0.9968609155183089
FULL,313,0.9966783736736323,0.9971678311624831
FULL,314,0.9968122322958403,0.9970647482014389
FULL,315,0.9966840814635165,0.9971580253325255
FULL,316,0.996724620573538,0.9969567161380584
FULL,317,0.9968634000465191,0.9974352693687593
FULL,318,0.996837459307176,0.9970007642283457
FULL,319,0.9968460209133141,0.9972321132526994
FULL,320,0.9969336382924244,0.9969883858324448
FULL,321,0.996748595338343,0.9972219823243228
FULL,322,0.9968230105729846,0.9971670984824759
FULL,323,0.9967070143726167,0.9968159748735754
FULL,324,0.9967663994548939,0.997072987859388
FULL,325,0.9968241737509699,0.9969363538295577
FULL,326,0.9969291825094134,0.9974177726485862
FULL,327,0.9967444954429294,0.9971401060603883
FULL,328,0.9969158710626157,0.9971168262022835
FULL,329,0.9967159138141322,0.9970866925306835
FULL,330,0.9967757148093281,0.9972608269419295
FULL,331,0.996735579944678,0.9968754049734337
FULL,332,0.9968976340919202,0.9973172561010789
FULL,333,0.9968902401926709,0.9973738510598387
FULL,334,0.9967940292024648,0.9974351585014409
FULL,335,0.9968998279050465,0.9975327523518208
FULL,336,0.9967325286854308,0.997028660445124
FULL,337,0.9968323250164681,0.9971871213432577
FULL,338,0.9967413701588798,0.9969300837380914
FULL,339,0.9967696035869977,0.9973309095106186
FULL,340,0.9966474921611286,0.996870538353932
FULL,341,0.9968042359782687,0.9970456838161118
FULL,342,0.9966686205889769,0.9973602215682881
FULL,343,0.9967969945721566,0.9971295454873281
FULL,344,0.9967903912060898,0.9972606689734718
FULL,345,0.9967578886729829,0.9968705834847568
FULL,346,0.9970488692675687,0.9973164045592267
FULL,347,0.9966837916465999,0.9970024499207378
FULL,348,0.996774058240537,0.9970724813244498
FULL,349,0.9967640732149456,0.9970306306306306
FULL,350,0.9967869264121422,0.9974350106634389
FULL,351,0.9968659947748499,0.9972633519617445
FULL,352,0.9967640741621433,0.9971685231764283
FULL,353,0.9968835070425984,0.9973615156146372
FULL,354,0.9964222118214963,0.996801106644188
FULL,355,0.9966450579283075,0.9967024263805889
FULL,356,0.9968170812911479,0.9969528846983068
FULL,357,0.9968231478996569,0.9972587719298246
FULL,358,0.9967043410515474,0.9968730636771042
FULL,359,0.9967742582441423,0.9974498984281577
FULL,360,0.9968228238255274,0.9968004611947827
FULL,361,0.9969948855424283,0.9973902009977795
FULL,362,0.9967580065942939,0.9970003749531309
FULL,363,0.9968498345062587,0.997291456562455
FULL,364,0.996775757432839,0.9971872024925713
FULL,365,0.9969133733568164,0.9972443444136657
FULL,366,0.9967411310146481,0.9969194892685946
FULL,367,0.9968688658958417,0.9970286175859682
FULL,368,0.9967445663085559,0.9972893086295148
FULL,369,0.9966785874791942,0.9972471246144533
FULL,370,0.996721080646985,0.9971600328686552
FULL,371,0.9968365515670293,0.9972506117748668
FULL,372,0.9968432890955129,0.9970606881447756
FULL,373,0.996736457112867,0.9969999423065828
FULL,374,0.9969057183366817,0.9972618532929817
FULL,375,0.9968819122459287,0.9975045437498197
FULL,376,0.9968140555268344,0.997289621267823
FULL,377,0.9965763763299482,0.9967174407555646
FULL,378,0.996901815336153,0.9972302765395767
FULL,379,0.9967347281361176,0.9969090543143851
FULL,380,0.9965854829073534,0.9970385704633343
FULL,381,0.9966550522058375,0.996928622927181
FULL,382,0.9966931047291657,0.9968334933302767
FULL,383,0.9967376488948675,0.9971917798355391
FULL,384,0.9969496403290522,0.9978495554785821
FULL,385,0.9969887512352477,0.9975477821853588
FULL,386,0.9968717135318271,0.9971875676065479
FULL,387,0.9965751674819877,0.9967849831319743
FULL,388,0.9969728054610567,0.9973221227216448
FULL,389,0.9966287146328038,0.996973932590746
FULL,390,0.9969773303939651,0.9969338400414579
FULL,391,0.9969245046665685,0.9971878109632109
FULL,392,0.9966854291563186,0.9970728190338861
FULL,393,0.9970372466664137,0.997591334573724
FULL,394,0.9966613953587812,0.9970292603435098
FULL,395,0.9969029359407214,0.9972759112725386
FULL,396,0.9968388824065185,0.9972443841703577
FULL,397,0.9968173487451619,0.9973343323583234
FULL,398,0.9968243306701204,0.9972877052254956
FULL,399,0.9968277605773582,0.9972301566692634
FULL,400,0.9968157146754527,0.9973342939481268
FULL,401,0.9969375685331463,0.9976483148661126
FULL,402,0.9967524823755958,0.9971617922489555
FULL,403,0.9967193471881244,0.9968763045387151
FULL,404,0.9966363908952433,0.9967469188879335
FULL,405,0.9968093425016462,0.9971871213432577
FULL,406,0.9969538653133935,0.9972909491764773
FULL,407,0.9967348813275174,0.9969000519061076
FULL,408,0.9967803713458571,0.9969098712446351
FULL,409,0.996949906546789,0.9973765321482331
FULL,410,0.9967620838231211,0.9971159115161653
FULL,411,0.9966151675984711,0.9968280058249348
FULL,412,0.9968299962793405,0.9974175863810142
FULL,413,0.9967869952128681,0.9972445034335506
FULL,414,0.9968112567214992,0.9969738889849559
FULL,415,0.9967414092705171,0.997001239871976
FULL,416,0.9968526559695999,0.9969144257804051
FULL,417,0.996757905089143,0.9971822481634296
FULL,418,0.9967012846702705,0.9973043879374964
FULL,419,0.996787766610435,0.9969985926415257
FULL,420,0.996823013561866,0.997216292621012
FULL,421,0.9967655785223414,0.9974781681413378
FULL,422,0.9967930050396123,0.9971585172364056
FULL,423,0.9967204961463909,0.9971310766391788
FULL,424,0.9968887523234514,0.9972303564473551
FULL,425,0.9967967067466877,0.9971149546326616
FULL,426,0.9967260734233239,0.9967997232193054
FULL,427,0.9967695772437423,0.9969568478135457
FULL,428,0.9968167142899489,0.9971619149150736
FULL,429,0.9968810053607384,0.9971015328709245
FULL,430,0.9967420380850254,0.9968080517613228
FULL,431,0.9966976181629684,0.996623514705671
FULL,432,0.996612023023372,0.9970189233560874
FULL,433,0.996662345062626,0.9970723968849149
FULL,434,0.9966700519446845,0.9968902965735675
FULL,435,0.9967259001153447,0.9971088704457518
FULL,436,0.9967866622123992,0.9972742219273703
FULL,437,0.9966743052153048,0.9969712266532055
FULL,438,0.9967678206266211,0.9971007803372326
FULL,439,0.996815101734977,0.9972932504031329
FULL,440,0.996818497340078,0.997160728698259
FULL,441,0.9967461578612303,0.9969228114574945
FULL,442,0.9966827848896292,0.9971348767565077
FULL,443,0.9967396576637293,0.9967959770114942
FULL,444,0.996760074431252,0.9969712266532055
FULL,445,0.9966159039830987,0.9969096763065601
FULL,446,0.9967695327251094,0.9972179378144235
FULL,447,0.9967720631524816,0.997060561087016
FULL,448,0.9966836864089019,0.9971733079507925
FULL,449,0.9968461380609053,0.9972738287560582
FULL,450,0.9966746582954005,0.9970431612338343
FULL,451,0.996813234219018,0.9970516747925385
FULL,452,0.9968612212871252,0.9971724108083154
FULL,453,0.9968721242284725,0.9971438874864768
FULL,454,0.9968326984376619,0.9973895611289788
FULL,455,0.9967289671355838,0.9971293798594983
FULL,456,0.9966246398236164,0.9973018598409973
FULL,457,0.9967732221159881,0.996971401375849
FULL,458,0.9967485509724966,0.9971017418387357
FULL,459,0.9968482157040469,0.9971595414894384
FULL,460,0.9969290916683262,0.9974621119266319
FULL,461,0.9967030388438705,0.9967891493405517
FULL,462,0.9966800539296979,0.9971627324183026
FULL,463,0.9968452085433357,0.9970188374906389
FULL,464,0.9968031205874905,0.9968574764671116
FULL,465,0.9967868432211296,0.9973743814648643
FULL,466,0.996800337565684,0.9966736266109871
FULL,467,0.99684765004209,0.9969301279833968
FULL,468,0.9967195102883176,0.9970439371872701
FULL,469,0.9967659296325005,0.9973453753264179
FULL,470,0.9970096540671857,0.9970761497357012
FULL,471,0.9968500841428871,0.9975367329299913
FULL,472,0.9967717206761384,0.9972176971758906
FULL,473,0.9967020747884417,0.9970478110599078
FULL,474,0.9968502984273206,0.9976481112746372
FULL,475,0.9967474205993954,0.9970141503310399
FULL,476,0.9969501331857793,0.9972044498241973
FULL,477,0.9968015858390677,0.9970010669281121
FULL,478,0.9965743997507127,0.9966621586625615
FULL,479,0.9967044045607517,0.9972340670738734
FULL,480,0.9967853761464492,0.9971618331388397
FULL,481,0.996620010810193,0.997252035795471
FULL,482,0.9969327501739265,0.9973751009576555
FULL,483,0.9967566133017958,0.997218579313724
FULL,484,0.9968067332898245,0.9973169465120305
FULL,485,0.9968372630946155,0.9970892532926021
FULL,486,0.9968244819563628,0.9972223421556352
FULL,487,0.9968137442442709,0.9970319141272243
FULL,488,0.9968587275079889,0.9973186483681237
FULL,489,0.9967402250907246,0.9970213375340111
FULL,490,0.9965818940055233,0.9966395243634484
FULL,491,0.9967139481875419,0.997119151878313
FULL,492,0.9968057248432128,0.9971151210927921
FULL,493,0.9967840762414255,0.9971462750241413
FULL,494,0.9968360550690911,0.9972156098968478
FULL,495,0.9968351824732112,0.9972043289668987
FULL,496,0.9968457425422317,0.9973761605443746
FULL,497,0.9967783759456604,0.9970331537863295
FULL,498,0.9968911136310395,0.9971592138088166
FULL,499,0.996970436784882,0.9972835850927749
FULL,500,0.996918901094394,0.997087028624991
FULL,501,0.9969402473772702,0.997388544221613
FULL,502,0.9969003800834181,0.9972592464370204
FULL,503,0.996734499838561,0.9968728383675352
FULL,504,0.9969214076576093,0.997043169722058
FULL,505,0.996749219218626,0.9968292858687036
FULL,506,0.9966886551574168,0.9969871702465043
FULL,507,0.996727453198177,0.9973251265531523
FULL,508,0.9968952318056574,0.9976762982420692
FULL,509,0.9966095593073662,0.9969715237111034
FULL,510,0.9968529327592036,0.9973163271195244
FULL,511,0.9967188065657673,0.9970776650111567
FULL,512,0.996998915816412,0.9971041219438401
FULL,513,0.9967869652374959,0.9970824949698189
FULL,514,0.99690019485893,0.9973375165505728
FULL,515,0.9968543847358571,0.9973353690153829
FULL,516,0.9968464313257777,0.997268191686676
FULL,517,0.996940504386894,0.997334447582272
FULL,518,0.9968876541020426,0.9970721857647653
FULL,519,0.9967406742899682,0.9971060815480304
FULL,520,0.996873761231621,0.9971596643501831
FULL,521,0.9967023147119926,0.9972446226864208
FULL,522,0.9966309052614695,0.9966898854412527
FULL,523,0.9967881273085608,0.9971589679987309
FULL,524,0.9969451393421245,0.9972590092039586
FULL,525,0.996763279047495,0.997130249192432
FULL,526,0.9966757254752493,0.9971969065348015
FULL,527,0.9969070479276577,0.9977259315764475
FULL,528,0.9968490490438383,0.9974031220244106
FULL,529,0.9969936228945819,0.9972618450290301
FULL,530,0.9968245140392117,0.9972029585201632
FULL,531,0.9968365415984393,0.9972024745122355
FULL,532,0.996677272819204,0.9969292871044475
FULL,533,0.9968425385756128,0.9970869446086844
FULL,534,0.9966743962235671,0.9969316315653001
FULL,535,0.9966169143951309,0.9970341362281699
FULL,536,0.9970790283182318,0.9975214352619065
FULL,537,0.9967484663377891,0.9970878685215887
FULL,538,0.9970664930968031,0.9971870401892617
FULL,539,0.9968871271324952,0.9971875270430092
FULL,540,0.9968019217586517,0.9972012233827687
FULL,541,0.9966376916313514,0.9971470562807988
FULL,542,0.9967093018694587,0.9969760677360827
FULL,543,0.9968702469488152,0.9973493524640938
FULL,544,0.9968749499616172,0.9971336386944373
FULL,545,0.9968148354856002,0.9972655968914154
FULL,546,0.9968210557751241,0.9971021596839769
FULL,547,0.9967875057967162,0.9972689770162855
FULL,548,0.9969657168042941,0.9971763621171521
FULL,549,0.9970441562453906,0.9974680266432651
FULL,550,0.9968397477414079,0.997132068945639
FULL,551,0.9969519100880375,0.9974320132727403
FULL,552,0.99673786797034,0.9971626506891734
FULL,553,0.9967172589853573,0.9972653607564875
FULL,554,0.9969509379724929,0.9973307939805798
FULL,555,0.9966757097209928,0.9972643370336775
FULL,556,0.9967099975402676,0.9969503464864555
FULL,557,0.9966833677799474,0.9972467674743777
FULL,558,0.9967208303926903,0.9970444912199764
FULL,559,0.9967249222187332,0.9969287557856185
FULL,560,0.9968064712619982,0.9968441588248795
FULL,561,0.9967099942137323,0.9970236383504918
FULL,562,0.9967760008153057,0.9971065397958743
FULL,563,0.9969234750332393,0.9974832094113586
FULL,564,0.9965578728509722,0.9967292008875825
FULL,565,0.9969512297035527,0.9972157304019158
FULL,566,0.9968316587524765,0.9974375858909758
FULL,567,0.9969047697450507,0.9974476553036857
FULL,568,0.9967617724465565,0.9973397753907655
FULL,569,0.9966634319234116,0.9969051834578457
FULL,570,0.9968939150311885,0.9971869996105076
FULL,571,0.9968150173716801,0.9971324822040981
FULL,572,0.9967755133455137,0.9968857682492539
FULL,573,0.9968356119135187,0.9970293031841255
FULL,574,0.9968770681413964,0.9972163327708307
FULL,575,0.9966803104664582,0.9972060602569273
FULL,576,0.9969480534782174,0.9970217112930377
FULL,577,0.9968359820857761,0.9973641758368381
FULL,578,0.9968448198010645,0.9971007385183476
FULL,579,0.9966273941563367,0.9970162162162162
FULL,580,0.9969404607364255,0.9970782538608788
FULL,581,0.9970012498750886,0.9971624054735326
FULL,582,0.9967776470645581,0.9973215057170013
FULL,583,0.9968181331407951,0.9972456160590678
FULL,584,0.9968030273356739,0.9971148877533444
FULL,585,0.9967026639602141,0.9968163370667279
FULL,586,0.9968708491766347,0.9971104913602254
FULL,587,0.9968117019006564,0.9970871836078746
FULL,588,0.9968609363562553,0.997131366132822
FULL,589,0.9968194345334457,0.9973983412628825
FULL,590,0.9969759106412682,0.9975322894869759
FULL,591,0.9966835756943179,0.9970328546530889
FULL,592,0.9966611012456561,0.9970171191423137
FULL,593,0.9967124405734524,0.9970311013749171
FULL,594,0.9967110548882016,0.9968386570729684
FULL,595,0.9966355232229317,0.997187080766845
FULL,596,0.9970226091019919,0.9972904025481746
FULL,597,0.9967279633840649,0.9970174199962538
FULL,598,0.9968111801786861,0.9972528262808158
FULL,599,0.9968152789691953,0.9972468468468468
FULL,600,0.996836665196751,0.9970586114916011
FULL,601,0.9967851832497492,0.9971292142125535
FULL,602,0.9965492428993556,0.9968564795454873
FULL,603,0.9967050950103011,0.997175100528948
FULL,604,0.9968132701543435,0.9971159115161653
FULL,605,0.9968005930824433,0.9970003316940915
FULL,606,0.9966882425968301,0.9972097973507458
FULL,607,0.9966223343098212,0.9969971695808968
FULL,608,0.9967522520670792,0.9972748900583952
FULL,609,0.9969160198060697,0.9970438519330325
FULL,610,0.9967415865847349,0.9971462750241413
FULL,611,0.9969721127383453,0.9974172137652406
FULL,612,0.9968338953089736,0.9969998557622962
FULL,613,0.9968119304726453,0.9972902463281397
FULL,614,0.9967733323486344,0.9971028697444472
FULL,615,0.9968060204377348,0.9971758738941241
FULL,616,0.9967696777192013,0.996960092205734
FULL,617,0.9968525046149489,0.9972463705433733
FULL,618,0.9969372709476055,0.9973888456100869
FULL,619,0.9968090797869368,0.996786280443868
FULL,620,0.9968213217863128,0.9970473433291565
FULL,621,0.9968692818880295,0.9970293031841255
FULL,622,0.9969201988387749,0.997265636243272
FULL,623,0.9967831128536638,0.9974941313708829
FULL,624,0.9969120572084058,0.9971500539762505
FULL,625,0.9968263900178409,0.9972905197013807
FULL,626,0.9966923926493988,0.9974626241656215
FULL,627,0.9967770280782708,0.9972880964745254
FULL,628,0.9968633626654058,0.9973596121659837
FULL,629,0.9966645071745192,0.9971867966991748
FULL,630,0.99687387031759,0.9974174746075716
FULL,631,0.9968842521608676,0.997330678440539
FULL,632,0.9966177576451372,0.9972491466593695
FULL,633,0.9968382834041973,0.9975513849078889
FULL,634,0.9966950231554851,0.996870538353932
FULL,635,0.9966649569416173,0.9968277313953656
FULL,636,0.9968387858222707,0.9972447021825998
FULL,637,0.9967330832211813,0.997149479564072
FULL,638,0.9966100109448229,0.9969883858324448
FULL,639,0.9967831317054905,0.9973180297612181
FULL,640,0.9968235213812167,0.996971925422849
FULL,641,0.9969375572371353,0.9974747110347912
FULL,642,0.9966882468389919,0.9972594045695823
FULL,643,0.9967655854863409,0.9970304166066023
FULL,644,0.9968223282752334,0.9970740425777253
FULL,645,0.9968560274760135,0.9968778775322283
FULL,646,0.9967772362938284,0.9969141143219703
FULL,647,0.9967553763505292,0.9970486260351299
FULL,648,0.9968054725774751,0.997178963125018
FULL,649,0.9966585175466691,0.9965833897963008
FULL,650,0.9969632376338846,0.9972881747107867
FULL,651,0.9968279507832706,0.9973477859778598
FULL,652,0.996901443120294,0.9968868804246467
FULL,653,0.996730920082487,0.9973348699848736
FULL,654,0.9966618331764036,0.9971450405894482
FULL,655,0.9967929395078211,0.9975346376205648
FULL,656,0.9968664578920986,0.9972952364510049
FULL,657,0.9969678830340386,0.9971617922489555
FULL,658,0.9968398055581082,0.9972449009029801
FULL,659,0.9968712970009745,0.9969761548208732
FULL,660,0.9968090320140913,0.9971448759174609
FULL,661,0.9968744889274002,0.9974041706325171
FULL,662,0.9968812159726962,0.9972325122158641
FULL,663,0.9967577746348723,0.9970455560839927
FULL,664,0.9968415312586231,0.9971168677651401
FULL,665,0.9967639712772587,0.9973392780094923
FULL,666,0.9968891813018949,0.9970724146838494
FULL,667,0.9968555418187302,0.9972563778441738
FULL,668,0.9968345581171801,0.997175304087162
FULL,669,0.9969719000971791,0.9975329303305296
FULL,670,0.9968323028551197,0.9973250496160152
FULL,671,0.9967825370250888,0.9972286838402113
FULL,672,0.9968392191219122,0.997417139229182
FULL,673,0.9968093344251414,0.9971664461193257
FULL,674,0.9967646738891436,0.9969279141546716
FULL,675,0.996753010260232,0.9970201678494824
FULL,676,0.9968805377426065,0.9971889865936284
FULL,677,0.9968147202714865,0.9972302765395767
FULL,678,0.9968734911722772,0.9971407635167172
FULL,679,0.996807891213992,0.997163100141125
FULL,680,0.996759686010939,0.9971586401857702
FULL,681,0.9967850714515909,0.9969050498071055
FULL,682,0.996653875320609,0.997054132118582
FULL,683,0.9969818991484372,0.9970144087231189
FULL,684,0.9968902977560925,0.9972491070399816
FULL,685,0.99659192735529,0.9971039967726133
FULL,686,0.9967796173056077,0.9969367944200762
FULL,687,0.996791212138732,0.9968007839520405
FULL,688,0.9968480005927196,0.9971352479666019
FULL,689,0.996719011340476,0.9973032217126705
FULL,690,0.9966704968857287,0.9967472185840326
FULL,691,0.9967706810102563,0.9972094361334868
FULL,692,0.99682689911639,0.996982411771468
FULL,693,0.9968385099275457,0.9971611787592766
FULL,694,0.9968972961134736,0.9973452604241813
FULL,695,0.996954678890457,0.997305786076533
FULL,696,0.9967663577747666,0.9970444912199764
FULL,697,0.9967529968043256,0.997074422090275
FULL,698,0.9968109863379928,0.9971312007150374
FULL,699,0.9968802616441033,0.9971166183700244
FULL,700,0.9963587669075928,0.9965870798652112
FULL,701,0.9967407295471308,0.9971736340432895
FULL,702,0.9968891215215202,0.9972588905720262
FULL,703,0.9968643300232716,0.9972056578227178
FULL,704,0.9967073473346386,0.996953016082901
FULL,705,0.9967449833820909,0.9971867561133954
FULL,706,0.9966747083725004,0.9969316315653001
FULL,707,0.9968122247760264,0.9973595740689973
FULL,708,0.9968546237100459,0.9968782817602463
FULL,709,0.996797349663283,0.9970588235294118
FULL,710,0.996772346682644,0.9971148297749567
FULL,711,0.9968904558695006,0.9971156619555812
FULL,712,0.9968020535937099,0.997067364365602
FULL,713,0.9967203217226632,0.996717109904825
FULL,714,0.9969019530887316,0.9972453379869334
FULL,715,0.996657811384793,0.997103162021157
FULL,716,0.996815994986019,0.9968330742212241
FULL,717,0.9968891152248136,0.9969712266532055
FULL,718,0.9967020685200452,0.9970613656006915
FULL,719,0.9967395810419771,0.9968707639950394
FULL,720,0.9965596681057782,0.9966764024574479
FULL,721,0.9968610940335297,0.9972910662824207
FULL,722,0.9968326415829322,0.9971156619555812
FULL,723,0.9969716836672758,0.9971310766391788
FULL,724,0.9968094185319725,0.997068460079324
FULL,725,0.9967910638291989,0.9973028327467836
FULL,726,0.9967942233041872,0.9974119710715877
FULL,727,0.9969315556348912,0.9974903001543322
FULL,728,0.9968423511177386,0.9972450201214499
FULL,729,0.996633741694758,0.9968626322227819
FULL,730,0.9968204263314536,0.9967704728950404
FULL,731,0.9966648234419493,0.9971871619184998
FULL,732,0.9969730314523937,0.9974044700793079
FULL,733,0.9967640013009527,0.9973969943194075
FULL,734,0.9968467253090054,0.9972304363505229
FULL,735,0.9967794834745651,0.9970144517841174
FULL,736,0.9970126953957955,0.9973314100252434
FULL,737,0.9966795086875575,0.9966754936388234
FULL,738,0.9968473165710777,0.9971831390753223
FULL,739,0.9967937927656889,0.9972930945113172
FULL,740,0.9967321610109937,0.9971167015065234
FULL,741,0.9967821850503343,0.9971701501113266
FULL,742,0.9967850712498577,0.9970183913648026
FULL,743,0.9967526084996376,0.9970293888616503
FULL,744,0.9967164291319882,0.99684333424622
FULL,745,0.996787530938225,0.9973675882505251
FULL,746,0.9966581787358658,0.9971556628167557
FULL,747,0.9968132250887611,0.9972051344848948
FULL,748,0.9968921832814885,0.997402672361548
FULL,749,0.9966581306413003,0.9969757193467553
FULL,750,0.9966802232442292,0.997475548887799
FULL,751,0.9968237122010325,0.9970160871821484
FULL,752,0.9967339275727872,0.9969019280094528
FULL,753,0.996680893388845,0.997120064510555
FULL,754,0.9967711324799597,0.9971681161503629
FULL,755,0.9968692577718523,0.997468208757696
FULL,756,0.9969284870603727,0.9973598026344265
FULL,757,0.9967115220209977,0.9969622367151845
FULL,758,0.9967589239263964,0.9971130644605308
FULL,759,0.996783714609023,0.9971874053453722
FULL,760,0.9968959647484799,0.9972061407298597
FULL,761,0.9968164395364201,0.9969875176568941
FULL,762,0.9968931424505147,0.9972308757355486
FULL,763,0.996777844534919,0.9972176971758906
FULL,764,0.9967746028173217,0.9971461104945301
FULL,765,0.9968578414568399,0.997051759596163
FULL,766,0.9968435505912879,0.9972791661868018
FULL,767,0.9966621007101324,0.9971010748984659
FULL,768,0.9969535073140408,0.9971118199844814
FULL,769,0.9969111577177766,0.9973453753264179
FULL,770,0.9966523628299044,0.9970894629915134
FULL,771,0.9967466726761735,0.9970703545732627
FULL,772,0.9968545291277963,0.9971073309731456
FULL,773,0.9968487798518306,0.9972019903367707
FULL,774,0.9967747544991894,0.9969804592577681
FULL,775,0.9967287934127331,0.9968868903493601
FULL,776,0.9967149362249959,0.996997730341598
FULL,777,0.9966055277250286,0.9969464329439556
FULL,778,0.9967951752612961,0.9972123633124022
FULL,779,0.9967925694140057,0.9972074678642887
FULL,780,0.9970538309434829,0.9974751118164767
FULL,781,0.9967899996768341,0.9970866084949881
FULL,782,0.9968603631613095,0.9970031409388237
FULL,783,0.9967569225683377,0.9974318650719222
FULL,784,0.9968538255119958,0.99734531052692
FULL,785,0.9967498424532583,0.9972194608923658
FULL,786,0.996836828767253,0.9972155697261736
FULL,787,0.9967019084002757,0.9966409572550998
FULL,788,0.9970600512210555,0.9975213638263225
FULL,789,0.996807915164999,0.9971393249381865
FULL,790,0.9968299877895677,0.9972454968921706
FULL,791,0.9967455770496912,0.9969893402477672
FULL,792,0.9967297099042336,0.9969524028578411
FULL,793,0.9965596913795595,0.9971758332012507
FULL,794,0.9968398036553818,0.9971406813512077
FULL,795,0.9966772786523754,0.9972323526444006
FULL,796,0.9967381591836473,0.9976213816168839
FULL,797,0.9966888454160506,0.9972034020469944
FULL,798,0.996812332418748,0.9971760366538915
FULL,799,0.9968995760129612,0.9971602375598224
FULL,800,0.9969405274637818,0.9973018987707046
FULL,801,0.9968208008317765,0.997374192059095
FULL,802,0.996826179483479,0.9971912944531667
FULL,803,0.9967480105365025,0.9970721857647653
FULL,804,0.9968174308829537,0.997219100314112
FULL,805,0.9968246787749967,0.9970722279912311
FULL,806,0.9968024945148064,0.9970432550156492
FULL,807,0.9968702340595426,0.9970429564665494
FULL,808,0.9969732744014479,0.9973166368515206
FULL,809,0.9966749587482311,0.9969603987495859
FULL,810,0.9968841778317258,0.9969859536788671
FULL,811,0.996655757037583,0.9973660727136647
FULL,812,0.9968411096545402,0.9970720168467208
FULL,813,0.996950816292038,0.9973222383783706
FULL,814,0.9966722418502784,0.9971334322467265
FULL,815,0.9968990644055337,0.9972731994459834
FULL,816,0.9967902932895139,0.997135206725786
FULL,817,0.9969791098392645,0.997087070631327
FULL,818,0.9969859520656207,0.9973598788141095
FULL,819,0.9969816730034378,0.997067153557514
FULL,820,0.9966144900969962,0.9968722524106718
FULL,821,0.9968297143977123,0.9971441758495355
FULL,822,0.9966581453488486,0.9969578130857291
FULL,823,0.9966281873851266,0.9970034431590624
FULL,824,0.9966868668338418,0.9972602344662505
FULL,825,0.9968281908187773,0.9967712642518414
FULL,826,0.9968982078073865,0.9971438050863349
FULL,827,0.9967942848790672,0.9976777729698543
FULL,828,0.9967404205698669,0.9968417409362291
FULL,829,0.996850591214439,0.9972157304019158
FULL,830,0.9967092140191677,0.9969351195015612
FULL,831,0.9967770313466038,0.9971322755897569
FULL,832,0.9968765732578522,0.9970035294965065
FULL,833,0.9968473883637037,0.9971876892901439
FULL,834,0.9967860363569934,0.9973400813791319
FULL,835,0.9967532862224803,0.9970038316383856
FULL,836,0.9969495349265795,0.9974179216432981
FULL,837,0.9967830686132436,0.9971631409933327
FULL,838,0.9967773479599706,0.9971613423824551
FULL,839,0.9969383846591533,0.9971462750241413
FULL,840,0.9967804555743147,0.9972772063272539
FULL,841,0.9967681941614664,0.997307686770232
FULL,842,0.9967677475970869,0.99702273936744
FULL,843,0.9968687285143393,0.9968848250598518
FULL,844,0.9968714099547095,0.9973058955031383
FULL,845,0.996887951607551,0.9970386556071474
FULL,846,0.9968612407513521,0.9971004875797005
FULL,847,0.9967697146232503,0.997033196514726
FULL,848,0.9968419163810114,0.9975218994928539
FULL,849,0.9968302931870984,0.9973021712472048
FULL,850,0.9966240677833654,0.9971017836286823
FULL,851,0.9968241368574768,0.9970876166034689
FULL,852,0.9968154641610163,0.9971973496988947
FULL,853,0.9965802181051008,0.9966446335738253
FULL,854,0.9967497850694488,0.9969023743660673
FULL,855,0.9966812293920798,0.997105373061248
FULL,856,0.9967795600125176,0.9971029115018737
FULL,857,0.9967055542005948,0.9968420141893061
FULL,858,0.9968840464014465,0.9972880182337498
FULL,859,0.9969075118511267,0.9971588860525823
FULL,860,0.9968254393060588,0.997425460612424
FULL,861,0.9970032247078882,0.9974175863810142
FULL,862,0.9969294750202775,0.9971163689317589
FULL,863,0.9967388619048804,0.9971021179048745
FULL,864,0.9967664318599426,0.9969873005347902
FULL,865,0.9969258638182574,0.9971740415531237
FULL,866,0.9967199512461079,0.9972163327708307
FULL,867,0.9967408629464574,0.997049595578711
FULL,868,0.9966105567827864,0.9968274111675127
FULL,869,0.9966359203998454,0.997144958255829
FULL,870,0.9969256491945753,0.9972484333357343
FULL,871,0.9969786434117962,0.9970351606914121
FULL,872,0.9968965030925341,0.9972898947671904
FULL,873,0.9967561626479406,0.9968138632988769
FULL,874,0.9967486981075248,0.9971468918412635
FULL,875,0.9967906523596596,0.9970436814098035
FULL,876,0.9968382903569721,0.997291885740626
FULL,877,0.9966999565921466,0.996758765737993
FULL,878,0.9968699221005649,0.9972156500663627
FULL,879,0.9969122843829041,0.9971599919268807
FULL,880,0.9967409302969379,0.9970444486094491
FULL,881,0.997096793409022,0.997302910548937
FULL,882,0.9967082169858162,0.997104956142246
FULL,883,0.9966125016379624,0.9972060200187225
FULL,884,0.9967855103908216,0.9971891486724133
FULL,885,0.9969707489969025,0.9975050475915778
FULL,886,0.9966981806411851,0.9969499913679001
FULL,887,0.9966936822991093,0.9970581449007845
FULL,888,0.9968296354888275,0.9972162524700351
FULL,889,0.9966545435500365,0.9971034542389001
FULL,890,0.9967233967477117,0.9971784351831858
FULL,891,0.9967151778039725,0.9972350230414746
FULL,892,0.9970076036105189,0.9974179588892895
FULL,893,0.9967068087596952,0.9972493051255095
FULL,894,0.9967742237534356,0.9972600764294469
FULL,895,0.9967869461284816,0.997426349010079
FULL,896,0.9969803864867062,0.9973272021842219
FULL,897,0.9967716601637822,0.9971336386944373
FULL,898,0.9968558908632449,0.9972309556087571
FULL,899,0.9968399409321723,0.9972911833782402
FULL,900,0.9964786252889228,0.9965978058731096
FULL,901,0.9969073450371023,0.997467956054017
FULL,902,0.9968370118840538,0.9975469683414621
FULL,903,0.996808707128208,0.9970447042541842
FULL,904,0.9967973019659303,0.997418852470836
FULL,905,0.9968232031349924,0.9971592138088166
FULL,906,0.9968011257998285,0.9971171171171171
FULL,907,0.9967146400594562,0.9969575937594625
FULL,908,0.9967371286345365,0.9970864404090523
FULL,909,0.9966875784664135,0.9972449009029801
FULL,910,0.9968312381942923,0.9968584274844362
FULL,911,0.9967748047841091,0.9969311010575455
FULL,912,0.9967845009726202,0.9973740026259974
FULL,913,0.9968844843219151,0.997146809614387
FULL,914,0.9968877709300155,0.997179856115108
FULL,915,0.9968749551370264,0.9973368649862525
FULL,916,0.9968646315383992,0.997089798446932
FULL,917,0.9968094041839297,0.9973601834888853
FULL,918,0.9967827841339373,0.9970150114640864
FULL,919,0.9968823421633067,0.9973194212255722
FULL,920,0.9967951985536082,0.9972880964745254
FULL,921,0.9968400846344982,0.9974314203668163
FULL,922,0.9968344271549601,0.9972686629386311
FULL,923,0.9966111256842444,0.9968279143536876
FULL,924,0.9968286897153015,0.9970466796650992
FULL,925,0.9967507212331381,0.9971678718785492
FULL,926,0.9965862823021049,0.9969017494307866
FULL,927,0.9967843354874322,0.9968572499495431
FULL,928,0.9968626658039744,0.997431679796843
FULL,929,0.9967226491613314,0.9973752902323301
FULL,930,0.9967616919009301,0.9967989387472603
FULL,931,0.9965780747305598,0.9969630237344733
FULL,932,0.9967234430805868,0.9970769917493413
FULL,933,0.9968324853468326,0.9971349180068244
FULL,934,0.9967867752916075,0.9969267886377344
FULL,935,0.9969490432659704,0.9971763214383473
FULL,936,0.9967437019998492,0.9972318738195816
FULL,937,0.9967741434555193,0.9969607490097228
FULL,938,0.9966851234685344,0.9970091737842579
FULL,939,0.9967776844890378,0.9969866924263614
FULL,940,0.996716034665702,0.9969289771908071
FULL,941,0.9967152467071616,0.9968992024460245
FULL,942,0.9968743454683916,0.9975686601735028
FULL,943,0.9968876512094987,0.9973217756915146
FULL,944,0.9968742999886888,0.9972187797215898
FULL,945,0.9967104286053177,0.9969841885312998
FULL,946,0.9967761368111104,0.9972327914216534
FULL,947,0.9967880903575551,0.9968713054009631
FULL,948,0.9969548797788392,0.997533179457588
FULL,949,0.9968325425373085,0.9971294626758024
FULL,950,0.9968229206848547,0.9973905772446803
FULL,951,0.9968776198932882,0.9971731448763251
FULL,952,0.9969172242658518,0.9973340250457539
FULL,953,0.9968614978795817,0.9970818239319188
FULL,954,0.9968653022026688,0.9969458170659675
FULL,955,0.9968630641764218,0.9972342662882989
FULL,956,0.9969169129867997,0.9974339013349479
FULL,957,0.9967694832804225,0.9967984771134377
FULL,958,0.9967617631721399,0.9969333986005932
FULL,959,0.9967460631919973,0.9970300312855928
FULL,960,0.9966834862706629,0.9968579294043037
FULL,961,0.9968238761589175,0.9972444239259024
FULL,962,0.9969467988634527,0.9972260150916278
FULL,963,0.9966597067097631,0.9971631409933327
FULL,964,0.9968338237076184,0.9973893728725552
FULL,965,0.9966902728120796,0.9966985280336779
FULL,966,0.9966670386743121,0.997119940094754
FULL,967,0.996775435889488,0.9966720931237665
FULL,968,0.9967823932583308,0.9973226238286479
FULL,969,0.9965757653222169,0.9972953531865919
FULL,970,0.996786558064645,0.9967762826509319
FULL,971,0.9967017650500902,0.9971690521354256
FULL,972,0.9968882889998779,0.9970158721005665
FULL,973,0.9967795502039508,0.9969824984912492
FULL,974,0.9967644528317577,0.9970333674160055
FULL,975,0.996783793884037,0.9971744896782379
FULL,976,0.9967436873826058,0.9970723124405088
FULL,977,0.9967124418460266,0.9970026658981195
FULL,978,0.996760553353053,0.9969904674135299
FULL,979,0.9968904368256822,0.9974791489606891
FULL,980,0.9967472173223049,0.9972032004613277
FULL,981,0.9966612893827397,0.9969669963201472
FULL,982,0.9965338545708369,0.9966984804359735
FULL,983,0.9970766112911806,0.9977638317824424
FULL,984,0.9968142050133478,0.9970004614674666
FULL,985,0.9967907063672621,0.9972935621329033
FULL,986,0.9968123051298627,0.9970293031841255
FULL,987,0.9967581249479057,0.9968125888383178
FULL,988,0.9968568656052051,0.9970158721005665
FULL,989,0.9969817044276206,0.9971627732811015
FULL,990,0.9967691940275223,0.9973652004895256
FULL,991,0.9969277871249254,0.9971441758495355
FULL,992,0.9968453168958595,0.9975178584313442
FULL,993,0.9967605143460587,0.9969285786384807
FULL,994,0.9964986472554382,0.9967614249730119
FULL,995,0.9967703609223538,0.9970581873242483
FULL,996,0.9968623695216147,0.9974890687908567
FULL,997,0.9966367938256051,0.9970285517419577
FULL,998,0.9968183597288959,0.9969853885098587
FULL,999,0.9969024912100453,0.9972357395836333
CASCADE,0,0.9850013165050122,0.9976775384792926
CASCADE,1,0.9854203816714739,0.9977637672586672
CASCADE,2,0.9854239372271083,0.998180479140493
CASCADE,3,0.9855514058982227,0.9977785150671494
CASCADE,4,0.9856635481494395,0.9979786312445856
CASCADE,5,0.9853808788988468,0.9979933593186083
CASCADE,6,0.9853581499385705,0.9974611234528721
CASCADE,7,0.9850148590049101,0.9978928530192819
CASCADE,8,0.9853115211402619,0.9978640188197261
CASCADE,9,0.9850179825580633,0.9975039316683258
CASCADE,10,0.9853431738920111,0.9978360286798332
CASCADE,11,0.9858523709346292,0.9978498657969928
CASCADE,12,0.9853287035801149,0.9976769352860544
CASCADE,13,0.985080372774545,0.9978089142593554
CASCADE,14,0.9859759434843476,0.9981091769868076
CASCADE,15,0.9850741811111638,0.9977772645921136
CASCADE,16,0.9849922352012515,0.9975045797452652
CASCADE,17,0.9849920299977601,0.9975469329446905
CASCADE,18,0.985661075482439,0.9978204387990762
CASCADE,19,0.9852646032098503,0.9978253042413768
CASCADE,20,0.9853757495391604,0.9978204702588012
CASCADE,21,0.9858167270194305,0.9980700541537043
CASCADE,22,0.984771896608906,0.9976066207214741
CASCADE,23,0.98499191061914,0.9977246543778802
CASCADE,24,0.9848510499237558,0.9972190201729106
CASCADE,25,0.9854743974088407,0.9976765665136953
CASCADE,26,0.9852061575956071,0.9978365592638533
CASCADE,27,0.9853087922326783,0.9975081022686352
CASCADE,28,0.9853636406912737,0.9977059256373632
CASCADE,29,0.9854099320397739,0.997892305471344
CASCADE,30,0.9853360253799999,0.9976922965975797
CASCADE,31,0.9853971117064249,0.9977339972577037
CASCADE,32,0.9852487791891459,0.9976070692364244
CASCADE,33,0.9853585451306296,0.9975180375180375
CASCADE,34,0.9855906537822279,0.9975495495495496
CASCADE,35,0.985565491926386,0.9977643800842324
CASCADE,36,0.9857455040943099,0.9976767676767677
CASCADE,37,0.9852244918382226,0.9975065219584612
CASCADE,38,0.9857419390375407,0.9979500209328849
CASCADE,39,0.9855228637991739,0.997906711515974
CASCADE,40,0.9854549656004112,0.9975635776483478
CASCADE,41,0.9852739190181815,0.9979648981005715
CASCADE,42,0.9857421718337919,0.9979068021711514
CASCADE,43,0.9852273741028832,0.9978224189896601
CASCADE,44,0.9857018314650335,0.9977483653998817
CASCADE,45,0.9854883391525094,0.9980659036127189
CASCADE,46,0.985336815361704,0.9977199590169848
CASCADE,47,0.9861617809828063,0.9981957274826789
CASCADE,48,0.9857722485818856,0.9979659256480907
CASCADE,49,0.985288234491942,0.9975491609480422
CASCADE,50,0.9855349421066502,0.9977230476574772
CASCADE,51,0.9854975153920401,0.99773491264265
CASCADE,52,0.9855961446751528,0.997748852780744
CASCADE,53,0.985514584140331,0.9977118351370021
CASCADE,54,0.9860380198625324,0.9976762647037598
CASCADE,55,0.9850903956063604,0.997605446887081
CASCADE,56,0.985354956971575,0.9978936738079781
CASCADE,57,0.9851620523287875,0.9977384364961611
CASCADE,58,0.9857587632996931,0.998093972911312
CASCADE,59,0.985471166746932,0.9977059256373632
CASCADE,60,0.9853517921592835,0.9976619328022168
CASCADE,61,0.9851431817215192,0.9979800894531814
CASCADE,62,0.9853783368935713,0.9978088510883667
CASCADE,63,0.9857370905713806,0.9979233365060137
CASCADE,64,0.9852411863340684,0.9974174000865675
CASCADE,65,0.9851150070073863,0.9976944248310445
CASCADE,66,0.9848611239888876,0.9976767676767677
CASCADE,67,0.9849272567475383,0.9976644945504873
CASCADE,68,0.9855281354615104,0.997648213074781
CASCADE,69,0.9850341433539994,0.9977632186561995
CASCADE,70,0.9860549752915821,0.9978358413527434
CASCADE,71,0.9856835873259883,0.9975499733379452
CASCADE,72,0.9852225649354267,0.997561644230908
CASCADE,73,0.9855917702786514,0.9978364656502863
CASCADE,74,0.985807536844671,0.998123881544767
CASCADE,75,0.9856276452308885,0.9976483148661126
CASCADE,76,0.9858508907436723,0.9979809051313854
CASCADE,77,0.9855502820293863,0.9976769688050097
CASCADE,78,0.9859090051405918,0.9977201893108623
CASCADE,79,0.985526540629711,0.997791602315209
CASCADE,80,0.9850439177088958,0.9976989343189565
CASCADE,81,0.9856325137242227,0.9978059412800601
CASCADE,82,0.9855016028734167,0.9975770861576625
CASCADE,83,0.985510914780368,0.9978497106489833
CASCADE,84,0.9852034819813974,0.9975906048014774
CASCADE,85,0.9853219495621898,0.9974628070580095
CASCADE,86,0.9854734291063044,0.997677236921834
CASCADE,87,0.9862857121720358,0.9980376029897695
CASCADE,88,0.9855834786673042,0.9979507309540646
CASCADE,89,0.985516734742462,0.997720616876091
CASCADE,90,0.9857860457341449,0.9979069532456659
CASCADE,91,0.9848377949808121,0.9973889209463358
CASCADE,92,0.9856328792342468,0.9979506126513588
CASCADE,93,0.9853123682312057,0.9979648981005715
CASCADE,94,0.9853872612780774,0.9977483978985047
CASCADE,95,0.9854613523772111,0.9976211072664359
CASCADE,96,0.9856802227203537,0.9979066510748263
CASCADE,97,0.9850281041661928,0.9979070136693658
CASCADE,98,0.9857287759858181,0.997662877257776
CASCADE,99,0.9851883060613555,0.9976769017661318
CASCADE,100,0.9852533401161561,0.9978644194972728
CASCADE,101,0.9853902057068952,0.997590152816058
CASCADE,102,0.9848685862929503,0.9976352861447955
CASCADE,103,0.9854930581933403,0.9978350604739774
CASCADE,104,0.984930995382769,0.9976621352498052
CASCADE,105,0.9855535021093063,0.9979070136693658
CASCADE,106,0.9851724218175051,0.997791761683457
CASCADE,107,0.9851589930742448,0.9975617497691598
CASCADE,108,0.9855625044175327,0.9976510599051778
CASCADE,109,0.985553703843809,0.9977347165509978
CASCADE,110,0.9849492954198316,0.9976236768200475
CASCADE,111,0.9846897207654512,0.997821885007068
CASCADE,112,0.9858267416317753,0.9981665150793307
CASCADE,113,0.985081448477373,0.9978201870885783
CASCADE,114,0.9852383526404174,0.9976051359734546
CASCADE,115,0.9854987022852035,0.997791761683457
CASCADE,116,0.9856364225281661,0.9978506722058739
CASCADE,117,0.9853776513038494,0.9979236060042393
CASCADE,118,0.9852838914924955,0.9981524516101096
CASCADE,119,0.9854402503235671,0.9976940260863298
CASCADE,120,0.9858799900655044,0.9979794189386176
CASCADE,121,0.9852351680454874,0.9977653148022664
CASCADE,122,0.9854583944932425,0.9982540942211962
CASCADE,123,0.9854428404527046,0.9978639263343244
CASCADE,124,0.9852857497705358,0.9977219643011621
CASCADE,125,0.9855036891258772,0.9977637672586672
CASCADE,126,0.9852113942060134,0.997564174629942
CASCADE,127,0.9855960649919608,0.9977640253314292
CASCADE,128,0.9852988862258697,0.9980943306336351
CASCADE,129,0.9854384085565545,0.9977782266208847
CASCADE,130,0.9854411685105309,0.9974039085598904
CASCADE,131,0.9850147502699366,0.9978786960474479
CASCADE,132,0.9850267991875741,0.9974469189937688
CASCADE,133,0.9850655017556866,0.9981541301338256
CASCADE,134,0.9854129055832482,0.9975509263261013
CASCADE,135,0.9852669828648183,0.9977669245508637
CASCADE,136,0.9853790235936728,0.9980083131278144
CASCADE,137,0.9850121119779729,0.9976767006262807
CASCADE,138,0.9849740221677443,0.9979072251248449
CASCADE,139,0.9853287882934751,0.9980363846375975
CASCADE,140,0.9848912788942762,0.9976775049767751
CASCADE,141,0.9851589281092836,0.9977370674123294
CASCADE,142,0.985055858096692,0.9979786312445856
CASCADE,143,0.9854011786669461,0.9978068276916862
CASCADE,144,0.9858273985864758,0.9977066866670513
CASCADE,145,0.9853610481718086,0.997791602315209
CASCADE,146,0.9848470779345488,0.9978934914657548
CASCADE,147,0.9860179197384981,0.9980086292731497
CASCADE,148,0.9851215704926224,0.9976617303195635
CASCADE,149,0.9851384230287782,0.9974221979003154
CASCADE,150,0.9848619844558485,0.9976504843173432
CASCADE,151,0.9852692579442001,0.997809293208809
CASCADE,152,0.9854664502662426,0.9980219177291038
CASCADE,153,0.9849328469876999,0.9978779917429339
CASCADE,154,0.9845854021263677,0.9976364108033321
CASCADE,155,0.9851690234146144,0.9973317179409517
CASCADE,156,0.9860488274671126,0.9981391725809243
CASCADE,157,0.9849061394271158,0.9979788938774921
CASCADE,158,0.9852367263081302,0.9975760024239976
CASCADE,159,0.9854644239007802,0.9977347819186542
CASCADE,160,0.9851316956612368,0.9978793998845932
CASCADE,161,0.9849406523377998,0.9975470391319404
CASCADE,162,0.9858262334807473,0.9975038236227743
CASCADE,163,0.9859737286983616,0.9979502872484771
CASCADE,164,0.9852730191940938,0.9978921837553778
CASCADE,165,0.9852565581685486,0.9977916979389181
CASCADE,166,0.9848063140925223,0.9979382335130771
CASCADE,167,0.985787321300873,0.9979935620768797
CASCADE,168,0.9851567616026121,0.9975900484876472
CASCADE,169,0.9848965249130274,0.9979545389069747
CASCADE,170,0.9856651932062583,0.9975480297698033
CASCADE,171,0.9854834921056813,0.9975758275374448
CASCADE,172,0.9857166759436838,0.9978779917429339
CASCADE,173,0.9859150989497456,0.9978634020990631
CASCADE,174,0.9856988631381239,0.9977483653998817
CASCADE,175,0.9846691443786691,0.9976061029952554
CASCADE,176,0.9856171073532844,0.9979506718044191
CASCADE,177,0.9856033924182047,0.9979645749426184
CASCADE,178,0.9848831696655129,0.9977932586214356
CASCADE,179,0.9852752810762267,0.9977785791561485
CASCADE,180,0.9856665266099506,0.9976044447651345
CASCADE,181,0.9853900713012663,0.9980074504028416
CASCADE,182,0.985551815215207,0.9975615034990261
CASCADE,183,0.9858356724448815,0.9978635563126137
CASCADE,184,0.9848614468956621,0.9977344550426414
CASCADE,185,0.9856716866629817,0.9978497416803763
CASCADE,186,0.9852449473276812,0.9977657657657658
CASCADE,187,0.9858762497712915,0.9979232466577251
CASCADE,188,0.985291103485626,0.9977118022076071
CASCADE,189,0.9854492214308468,0.9975473576385382
CASCADE,190,0.9853397375557897,0.9974459243012367
CASCADE,191,0.9855543711008812,0.9977772645921136
CASCADE,192,0.9853748318637819,0.998166620952491
CASCADE,193,0.9851572238685219,0.9978932482936754
CASCADE,194,0.9858139802780036,0.9977053296964974
CASCADE,195,0.9852660266399664,0.9980096632292493
CASCADE,196,0.9856310852931778,0.9977923033634908
CASCADE,197,0.9855765982070329,0.9974747110347912
CASCADE,198,0.9859751176809383,0.997877899842647
CASCADE,199,0.9852414582235823,0.998137829488697
CASCADE,200,0.9855508681084648,0.9975760723715534
CASCADE,201,0.9851320538036568,0.9977775853609259
CASCADE,202,0.9856292479735943,0.9978217279035213
CASCADE,203,0.9851614936631992,0.9975644203608693
CASCADE,204,0.9852882962243191,0.9976214159062405
CASCADE,205,0.9853408479946854,0.9978067644003232
CASCADE,206,0.9846377371537884,0.9977640575863362
CASCADE,207,0.9856636038998641,0.99790782904799
CASCADE,208,0.9856272023443337,0.9977629281106124
CASCADE,209,0.9854316105327792,0.9977793799567412
CASCADE,210,0.9849611292742019,0.9975806800017281
CASCADE,211,0.9856566230697471,0.9982112718722502
CASCADE,212,0.9849056609374546,0.9978099245000288
CASCADE,213,0.9850509768897859,0.9976491966886845
CASCADE,214,0.9854206256265471,0.9975329303305296
CASCADE,215,0.9854061345889213,0.997490372549868
CASCADE,216,0.9853445230655038,0.9978958291297957
CASCADE,217,0.9853235341570505,0.997791602315209
CASCADE,218,0.985695166131458,0.998051610668514
CASCADE,219,0.9857360420174802,0.9978650972246264
CASCADE,220,0.9857048810175029,0.9977348146010677
CASCADE,221,0.9859151724619268,0.9980223745940093
CASCADE,222,0.9851932920619864,0.9973905020039792
CASCADE,223,0.9855019019552882,0.9978213821959313
CASCADE,224,0.9850041543347094,0.9975333573746844
CASCADE,225,0.9851308331689044,0.9972321531541921
CASCADE,226,0.9855274288494027,0.9979000359582884
CASCADE,227,0.9856661748264295,0.9979225275914304
CASCADE,228,0.9856566897810304,0.9976080691642651
CASCADE,229,0.9851294496534438,0.9978953741476986
CASCADE,230,0.9858013256670086,0.9977630572513024
CASCADE,231,0.9857937696136955,0.9978077133873713
CASCADE,232,0.9852510865960252,0.9978639263343244
CASCADE,233,0.9858078009164553,0.9978635871526524
CASCADE,234,0.9854682034133047,0.9977494048907163
CASCADE,235,0.9858681639835073,0.9977636381999452
CASCADE,236,0.9852079628008235,0.9977630572513024
CASCADE,237,0.9856030352831311,0.9974893586321333
CASCADE,238,0.9855165119622338,0.9979659256480907
CASCADE,239,0.9854578680081882,0.9978402349824339
CASCADE,240,0.9857786227481291,0.997845756139595
CASCADE,241,0.9852797928479159,0.9974477657135441
CASCADE,242,0.9853407095998336,0.9979087946003634
CASCADE,243,0.9856114435685096,0.9977792518674473
CASCADE,244,0.9851077479454212,0.9976783757282114
CASCADE,245,0.985471384033997,0.9976949562762019
CASCADE,246,0.9854498567712279,0.9980241144571362
CASCADE,247,0.9853228531903134,0.9975326811531469
CASCADE,248,0.9853736849321889,0.9975339621008912
CASCADE,249,0.9851886327880994,0.9980228312479255
CASCADE,250,0.9854419507026317,0.997936210131332
CASCADE,251,0.9852301772500804,0.9979080101569714
CASCADE,252,0.9853357794033127,0.9976908978077961
CASCADE,253,0.9856858305011086,0.997522934458574
CASCADE,254,0.9857526139209527,0.9981678904773583
CASCADE,255,0.9852128640608597,0.9977358272883287
CASCADE,256,0.9857526309946176,0.9980077380608651
CASCADE,257,0.9856361351847228,0.9978248343416882
CASCADE,258,0.98488736853503,0.9976792123736901
CASCADE,259,0.9852692194455019,0.997436562112964
CASCADE,260,0.9850953193059602,0.9977949760041507
CASCADE,261,0.9856340940078828,0.99781058696435
CASCADE,262,0.9851634264289104,0.9978350917199474
CASCADE,263,0.9852001346879681,0.99796442801871
CASCADE,264,0.9862121830581885,0.9979506126513588
CASCADE,265,0.9852331009193418,0.9971819240557289
CASCADE,266,0.9853764518289738,0.997648416648633
CASCADE,267,0.9850665377660233,0.9977926537207491
CASCADE,268,0.9853639436935279,0.9976623039293496
CASCADE,269,0.9852866618213907,0.9976049286528446
CASCADE,270,0.9859962268606974,0.997979768827833
CASCADE,271,0.9851203380119079,0.9975036795474878
CASCADE,272,0.9847387391307891,0.9973815963630086
CASCADE,273,0.9856629890374875,0.9975623828068657
CASCADE,274,0.9852839916158563,0.9978646351844638
CASCADE,275,0.9848069763569758,0.9978700132404582
CASCADE,276,0.9856399230337582,0.9976916307186242
CASCADE,277,0.9854582335608958,0.9976188758207662
CASCADE,278,0.9859376228348551,0.998008571799645
CASCADE,279,0.9854516759050038,0.9976928955602659
CASCADE,280,0.9856066370858515,0.9980083706162506
CASCADE,281,0.9852753201954753,0.9977632509343839
CASCADE,282,0.9855666451213404,0.9974460348609027
CASCADE,283,0.9849878207547005,0.997892244615118
CASCADE,284,0.9854963097643725,0.9979356440646158
CASCADE,285,0.9855877105972274,0.9978228271526617
CASCADE,286,0.9853207978205177,0.9977059918339081
CASCADE,287,0.9854503758513398,0.9978792469162518
CASCADE,288,0.9846553550100602,0.9979235161792698
CASCADE,289,0.9854806408931219,0.9977086035451794
CASCADE,290,0.9855600509495159,0.9979501688945347
CASCADE,291,0.9856158503698056,0.9976643598615917
CASCADE,292,0.9851013774715112,0.9975355614164036
CASCADE,293,0.985162652556284,0.9980686076679158
CASCADE,294,0.9848859752540438,0.9977771362586605
CASCADE,295,0.985699659771543,0.9978500209226152
CASCADE,296,0.9854050884974254,0.9979643692432073
CASCADE,297,0.9854563245588648,0.9980236869058439
CASCADE,298,0.9853983296479315,0.997881874900938
CASCADE,299,0.9852234714240306,0.997562136664599
CASCADE,300,0.9852410885359515,0.9979354950480755
CASCADE,301,0.9853646092441635,0.9976333410297853
CASCADE,302,0.9851929302397799,0.9978067960464613
CASCADE,303,0.9859141723266607,0.9980086867433371
CASCADE,304,0.9852026263016516,0.9978649432334569
CASCADE,305,0.9849970273706624,0.9977349779989901
CASCADE,306,0.985387357283084,0.9979937358370741
CASCADE,307,0.9859697062332891,0.9978203444144521
CASCADE,308,0.9852835432048674,0.9979794189386176
CASCADE,309,0.9859730091479009,0.9978206589980805
CASCADE,310,0.9851020833583205,0.9978490898329797
CASCADE,311,0.9848873433835026,0.9976042719007072
CASCADE,312,0.9851636012887297,0.9978224503922474
CASCADE,313,0.9853266247186937,0.9976481112746372
CASCADE,314,0.9850578000796886,0.9977236381449092
CASCADE,315,0.9854071448571917,0.9976923298814434
CASCADE,316,0.9855595505384427,0.9979545094423877
CASCADE,317,0.9853337271221502,0.9978148989390759
CASCADE,318,0.9863223369750842,0.9977929402939861
CASCADE,319,0.9851488909577633,0.9975505028673525
CASCADE,320,0.9851585912683432,0.9981247746123332
CASCADE,321,0.9857523461299735,0.9980517793748377
CASCADE,322,0.985359464641718,0.998007623007623
CASCADE,323,0.9855579045607138,0.9976794130788855
CASCADE,324,0.9848998976840613,0.9979383524119835
CASCADE,325,0.9852789148455188,0.9979356142630287
CASCADE,326,0.9856040506810092,0.9975764919721296
CASCADE,327,0.9847299520143303,0.9978664206322891
CASCADE,328,0.9854622354727298,0.9975198627272859
CASCADE,329,0.9853331900122193,0.9976769688050097
CASCADE,330,0.9856704409491883,0.9981873111782478
CASCADE,331,0.9853237740568104,0.9976197689011987
CASCADE,332,0.9860673021618702,0.9978355603012901
CASCADE,333,0.9855585926478265,0.9978275881912874
CASCADE,334,0.9855448835214241,0.9976509583513474
CASCADE,335,0.9854521411136108,0.997691897116314
CASCADE,336,0.9850510212769725,0.9976053432581757
CASCADE,337,0.9853480876800023,0.9976961843052555
CASCADE,338,0.9850939484078785,0.9975934865624324
CASCADE,339,0.9852643692284309,0.9976478397644953
CASCADE,340,0.9855408197511347,0.997921838018819
CASCADE,341,0.985298069819616,0.9978059096092499
CASCADE,342,0.9849055045069698,0.997483245606466
CASCADE,343,0.9847193420498312,0.9976906311793657
CASCADE,344,0.9857726808242582,0.9978782673960424
CASCADE,345,0.9848361094995348,0.997648247006204
CASCADE,346,0.9857163287128783,0.9978784511249982
CASCADE,347,0.985934662604404,0.9977641543454742
CASCADE,348,0.9854104631454949,0.9979210579505097
CASCADE,349,0.985290461360397,0.9978657437450429
CASCADE,350,0.9853054250993468,0.997622444127437
CASCADE,351,0.985154224488438,0.9976504843173432
CASCADE,352,0.985977369076909,0.9978790939258404
CASCADE,353,0.9858273883576512,0.9979539199723347
CASCADE,354,0.9857604872676047,0.9978497727108738
CASCADE,355,0.9853063766264153,0.9977353700578419
CASCADE,356,0.9850962452480312,0.9977079429148047
CASCADE,357,0.9856823755653017,0.9979227972996365
CASCADE,358,0.9854553542605391,0.9975179658864614
CASCADE,359,0.9854328815266812,0.9976769352860544
CASCADE,360,0.9850084695398728,0.9977926855658948
CASCADE,361,0.9857575818938672,0.9979504647537671
CASCADE,362,0.9856798840121342,0.9977920484883469
CASCADE,363,0.9858039724413297,0.9979808468905043
CASCADE,364,0.9852356039410132,0.9977625728968186
CASCADE,365,0.9853894076839894,0.9979935041501263
CASCADE,366,0.9851745434650803,0.9981116844927495
CASCADE,367,0.9851662521507626,0.9977542647376376
CASCADE,368,0.9851929533189461,0.9978347479646631
CASCADE,369,0.9858255608188985,0.9978500209226152
CASCADE,370,0.9854373690821573,0.9976840863648787
CASCADE,371,0.9852846998610189,0.9980815278539076
CASCADE,372,0.9864395190993187,0.9980228312479255
CASCADE,373,0.9856190909185893,0.997733866428025
CASCADE,374,0.9853892701645699,0.9977933541017653
CASCADE,375,0.9854159196793244,0.9978059412800601
CASCADE,376,0.9858714177014912,0.9978927009511713
CASCADE,377,0.985311104618403,0.997964251682019
CASCADE,378,0.9859034738165182,0.9978638646729404
CASCADE,379,0.984881284993023,0.9978925184404637
CASCADE,380,0.985804481515897,0.9974892861780875
CASCADE,381,0.9854200271639819,0.9980940279542567
CASCADE,382,0.9851749226253669,0.9977632509343839
CASCADE,383,0.9858069632324228,0.9977066205106014
CASCADE,384,0.9851071226649205,0.9976498067939328
CASCADE,385,0.9851519628729248,0.9976911643746663
CASCADE,386,0.9854277378555572,0.9978493382023932
CASCADE,387,0.9857258904334419,0.9979930695928386
CASCADE,388,0.9852381602336081,0.997662708660963
CASCADE,389,0.9853407665255708,0.9981238003146242
CASCADE,390,0.9852917323246829,0.9974618191257697
CASCADE,391,0.9858704406658231,0.997837120775176
CASCADE,392,0.9849452978886167,0.9975659638207167
CASCADE,393,0.985756486626866,0.997663820950623
CASCADE,394,0.9853418496847692,0.9975623124855758
CASCADE,395,0.9851179628975528,0.9977209785368105
CASCADE,396,0.9855766466617848,0.9973755551710215
CASCADE,397,0.9858214418003116,0.9978347167087694
CASCADE,398,0.9852323784879531,0.9978436192694182
CASCADE,399,0.985477933487797,0.9977936086755884
CASCADE,400,0.9855364567140174,0.9975902223633136
CASCADE,401,0.9854822028737529,0.9978498037404756
CASCADE,402,0.985407246991981,0.9978062895986376
CASCADE,403,0.9853194432892244,0.9977339318447527
CASCADE,404,0.9855893663580549,0.9976501794801562
CASCADE,405,0.9856077693351589,0.9977208470371012
CASCADE,406,0.9856876932432281,0.9979383226885425
CASCADE,407,0.9853749950397247,0.998008830404294
CASCADE,408,0.9851733635859767,0.9974523576486845
CASCADE,409,0.9852496246270511,0.9977788675108893
CASCADE,410,0.9853481827730655,0.9974750389565418
CASCADE,411,0.9857333761803778,0.9979795647405184
CASCADE,412,0.9847261680039722,0.9974184057573878
CASCADE,413,0.9858459864747412,0.9980075654760185
CASCADE,414,0.9851338078956072,0.9975754077067398
CASCADE,415,0.9847606585742087,0.9972624450687991
CASCADE,416,0.9845022455609126,0.9977793799567412
CASCADE,417,0.9854802399533948,0.9978087247354612
CASCADE,418,0.9857669815845109,0.9981517313079389
CASCADE,419,0.9854318725092647,0.9979362696992438
CASCADE,420,0.9852537843498191,0.9977917298116475
CASCADE,421,0.9856278504995991,0.9981233940583769
CASCADE,422,0.9848968062055963,0.9980074504028416
CASCADE,423,0.9854426237105638,0.9978061312857225
CASCADE,424,0.985262820393634,0.9978351854524462
CASCADE,425,0.9861097937030308,0.9980652892681307
CASCADE,426,0.9856853336425888,0.9979790689281848
CASCADE,427,0.9856828679264135,0.9977488202952509
CASCADE,428,0.9849965542296951,0.9976479755274018
CASCADE,429,0.9852723831202552,0.9976836198834617
CASCADE,430,0.9852970508727462,0.997892609699769
CASCADE,431,0.984742899147317,0.9977369695571956
CASCADE,432,0.9851649057265225,0.9975501145681717
CASCADE,433,0.9850880415251502,0.9975194692817998
CASCADE,434,0.9853424676532048,0.9978346229356738
CASCADE,435,0.985392912400161,0.9978379001686438
CASCADE,436,0.9851562571556364,0.9978347792196545
CASCADE,437,0.9859931095709391,0.9977052303429165
CASCADE,438,0.9853740654832414,0.9976204211133545
CASCADE,439,0.9852309745114626,0.9977645412982967
CASCADE,440,0.9856753875813751,0.9977931313014756
CASCADE,441,0.9860255791965948,0.9978224189896601
CASCADE,442,0.9859153458781003,0.9979091263031911
CASCADE,443,0.9849183045155568,0.9972458940750674
CASCADE,444,0.9857208211441526,0.9977494373593399
CASCADE,445,0.9854670401294515,0.9978644194972728
CASCADE,446,0.9848121441291293,0.9977487878088201
CASCADE,447,0.9855977531926272,0.9976396085204375
CASCADE,448,0.9851164884420947,0.997852190333415
CASCADE,449,0.9858467548877602,0.99794013425139
CASCADE,450,0.9848903538789684,0.9976649994955246
CASCADE,451,0.9859545689910124,0.9980079968820821
CASCADE,452,0.9851859843651677,0.9978202500216532
CASCADE,453,0.9851187034260944,0.9974194478483385
CASCADE,454,0.984626453064791,0.9977053296964974
CASCADE,455,0.9853217360460211,0.9978063529174063
CASCADE,456,0.9854624513743245,0.9976954874764148
CASCADE,457,0.9851469131619829,0.9977649925740076
CASCADE,458,0.985966640258942,0.9978238625718774
CASCADE,459,0.9849296524400348,0.9978782980197448
CASCADE,460,0.9855677222772538,0.9978062262762134
CASCADE,461,0.985196109356043,0.9977233757438654
CASCADE,462,0.9851315879889029,0.99760793129287
CASCADE,463,0.9858025840236453,0.998123041827291
CASCADE,464,0.9853980097380046,0.997892244615118
CASCADE,465,0.9854345898202417,0.9978646968013736
CASCADE,466,0.9845848370272889,0.9975182165788904
CASCADE,467,0.9853437675408778,0.9975631912101856
CASCADE,468,0.9855931242792433,0.9981085763788623
CASCADE,469,0.9858511230203894,0.9979076780998831
CASCADE,470,0.9850421413340414,0.997950849243113
CASCADE,471,0.9859147918984935,0.9979649274734791
CASCADE,472,0.9853213172903619,0.9980658198614318
CASCADE,473,0.9858200267920446,0.9981515711645101
CASCADE,474,0.98529287291807,0.9975047597069174
CASCADE,475,0.9854630866803082,0.9980509636901754
CASCADE,476,0.9849033888835235,0.997447250385797
CASCADE,477,0.9857464333502237,0.9980821917808219
CASCADE,478,0.9854840352606997,0.9978349979793314
CASCADE,479,0.9850017549293834,0.9976189101824059
CASCADE,480,0.9852895079058784,0.9977656691460531
CASCADE,481,0.984919062297584,0.9974042080671445
CASCADE,482,0.9861786530659203,0.9980079968820821
CASCADE,483,0.9849837150720488,0.9974320132727403
CASCADE,484,0.9852824715528087,0.9975787273906463
CASCADE,485,0.985166266276296,0.9977538120401435
CASCADE,486,0.9854869635778788,0.9977633477633477
CASCADE,487,0.9855196259364233,0.9978494313261359
CASCADE,488,0.9851303754022667,0.9977659267800519
CASCADE,489,0.9852813075088898,0.9976917972243862
CASCADE,490,0.9853270953345593,0.9974602441628907
CASCADE,491,0.9853183193439956,0.9977804361298878
CASCADE,492,0.9854059960699232,0.9976207642393655
CASCADE,493,0.9850650675332242,0.99772022220619
CASCADE,494,0.9851763504782793,0.9976985702367596
CASCADE,495,0.9855767445528341,0.9978364032367407
CASCADE,496,0.9847488357567217,0.9978806228373702
CASCADE,497,0.9853814152132585,0.9977059918339081
CASCADE,498,0.9855186348661396,0.9976494339894729
CASCADE,499,0.9857089782565238,0.9978355603012901
CASCADE,500,0.9852957466725011,0.9978093563543078
CASCADE,501,0.9854590434737441,0.997720551107264
CASCADE,502,0.9854006876641165,0.9980796719559912
CASCADE,503,0.985331283948319,0.9979354354354354
CASCADE,504,0.9851471075372709,0.9977052965795931
CASCADE,505,0.9852983779165067,0.9976923964462905
CASCADE,506,0.985282272570824,0.9975478175576263
CASCADE,507,0.9852168840401363,0.9979789522310923
CASCADE,508,0.9856480658487985,0.9977531973729692
CASCADE,509,0.9856582402288712,0.9980657640232108
CASCADE,510,0.9857244949250444,0.9980515825479527
CASCADE,511,0.9859886534214943,0.9981371841155234
CASCADE,512,0.9854324788144343,0.9979222877919979
CASCADE,513,0.9858468498518803,0.9977215043839409
CASCADE,514,0.9852306139251154,0.9977810437739546
CASCADE,515,0.9846316190048168,0.9974200801360583
CASCADE,516,0.9847781770428106,0.997565016929616
CASCADE,517,0.9854190094039728,0.9976619328022168
CASCADE,518,0.9855204668261915,0.9982266180308251
CASCADE,519,0.9854030661126335,0.9979225875326398
CASCADE,520,0.9853915636086266,0.9981543164482127
CASCADE,521,0.9853655760824644,0.9978493071593534
CASCADE,522,0.9851302833364146,0.997533606415508
CASCADE,523,0.9848245027824755,0.9976225469006657
CASCADE,524,0.9855057953447157,0.9978786348221372
CASCADE,525,0.9862511488523167,0.9980654568553569
CASCADE,526,0.9853679702910183,0.9978526855841704
CASCADE,527,0.9856024517298394,0.9976477039859151
CASCADE,528,0.9859300801102151,0.9978792163199354
CASCADE,529,0.9855209570466049,0.9979649862167507
CASCADE,530,0.9856698296904621,0.997707050459311
CASCADE,531,0.9849758634904586,0.9977348146010677
CASCADE,532,0.9851288877550187,0.9977809158765383
CASCADE,533,0.9857426458627023,0.9979937068791317
CASCADE,534,0.985252139845764,0.9977343569614407
CASCADE,535,0.9858584223101481,0.9980225744060507
CASCADE,536,0.9852724436859978,0.9977345531153502
CASCADE,537,0.9853972440590769,0.9975346020761245
CASCADE,538,0.9857192359376336,0.9979261179520414
CASCADE,539,0.9854794833694775,0.997691564109593
CASCADE,540,0.9854036542385176,0.9980795055809857
CASCADE,541,0.9852077115465513,0.9978658360731384
CASCADE,542,0.9853585037281435,0.9975635776483478
CASCADE,543,0.9853463247409626,0.9977195641192177
CASCADE,544,0.985517317135797,0.9979800311652335
CASCADE,545,0.9849073712864685,0.9977054621545566
CASCADE,546,0.9851761896493465,0.9976778734513146
CASCADE,547,0.9858219965656538,0.9979401639226193
CASCADE,548,0.985233016883181,0.9976333068763981
CASCADE,549,0.9859897145879155,0.9980223460461356
CASCADE,550,0.9848987033248774,0.9978823936154888
CASCADE,551,0.9856186407649237,0.9977070173920568
CASCADE,552,0.9849890346874792,0.9975470391319404
CASCADE,553,0.9851864720603754,0.9978942206452915
CASCADE,554,0.985599890162798,0.997633170252991
CASCADE,555,0.9859348070757686,0.9979933593186083
CASCADE,556,0.9855730929078976,0.997849182978232
CASCADE,557,0.9856628824686665,0.9976366151717777
CASCADE,558,0.9851594796064368,0.9978924575965356
CASCADE,559,0.9852680395397332,0.9980077668220994
CASCADE,560,0.9857218273390024,0.99762007788836
CASCADE,561,0.9852353805128757,0.9975898745868872
CASCADE,562,0.9853196841531698,0.9976058958420468
CASCADE,563,0.9851560906528644,0.997345987970402
CASCADE,564,0.9853453381686568,0.997536236060283
CASCADE,565,0.9848270613596457,0.9976977754755533
CASCADE,566,0.9856529871613081,0.9981531979973741
CASCADE,567,0.9854880948050804,0.997806954263454
CASCADE,568,0.9857843585141153,0.9979366568068682
CASCADE,569,0.9859788175635494,0.9981234211476001
CASCADE,570,0.9856904997004339,0.9980371214964062
CASCADE,571,0.9851701018040625,0.997894129525458
CASCADE,572,0.9855058481883149,0.9977771041729817
CASCADE,573,0.9853340332293197,0.9977778419093244
CASCADE,574,0.9851579705990061,0.9977660877711321
CASCADE,575,0.9849783243506385,0.997892244615118
CASCADE,576,0.985405027643217,0.9977677928511766
CASCADE,577,0.9855782164478217,0.9974388120692385
CASCADE,578,0.9845296155983523,0.997463867314149
CASCADE,579,0.9855897653403688,0.9978349667306554
CASCADE,580,0.985329003240985,0.9979368056557495
CASCADE,581,0.9853984590061974,0.9976911643746663
CASCADE,582,0.9859828953897466,0.9982242626358873
CASCADE,583,0.985341715634943,0.9979645749426184
CASCADE,584,0.9855482957774092,0.9976476700388207
CASCADE,585,0.9851442727950837,0.9974750025249974
CASCADE,586,0.9858959590328081,0.9979070438799076
CASCADE,587,0.9848860670828441,0.99773491264265
CASCADE,588,0.985135305120593,0.9977636381999452
CASCADE,589,0.9854044093881271,0.9978930658777689
CASCADE,590,0.9853094271801911,0.9977340299627631
CASCADE,591,0.9853372224991145,0.9979359718252937
CASCADE,592,0.9849072892642085,0.9975189325640101
CASCADE,593,0.9855594219982395,0.9980675213798474
CASCADE,594,0.9856176786648678,0.9976763317794103
CASCADE,595,0.985012518609448,0.9977986245000144
CASCADE,596,0.9852969353930858,0.9976366492297494
CASCADE,597,0.9852116559671743,0.9980079393720679
CASCADE,598,0.9849536215955066,0.9975526539308697
CASCADE,599,0.9856439835516326,0.9977781945666758
CASCADE,600,0.9848024803675279,0.9978929746579692
CASCADE,601,0.985066145241667,0.9976623713943522
CASCADE,602,0.9859039003179408,0.9979356440646158
CASCADE,603,0.9854849358853021,0.9976048595379976
CASCADE,604,0.9855016215968534,0.9979940543192772
CASCADE,605,0.9852527856469879,0.9974747110347912
CASCADE,606,0.984485684314465,0.9978073022604983
CASCADE,607,0.9856997925217132,0.9977770079103875
CASCADE,608,0.9852409214618626,0.9975816551267472
CASCADE,609,0.9854926082831573,0.9980650937129986
CASCADE,610,0.9853057326769323,0.997909337332026
CASCADE,611,0.9850187525221458,0.9977228835788199
CASCADE,612,0.9853871238213985,0.9978788797021774
CASCADE,613,0.9852093434471024,0.9976054814280563
CASCADE,614,0.9861180363762821,0.9981702924650627
CASCADE,615,0.9853515447872314,0.9979499617422438
CASCADE,616,0.9852131953443659,0.9976919304117019
CASCADE,617,0.9854048370320768,0.9979931275446854
CASCADE,618,0.9859712089894731,0.9980950456756094
CASCADE,619,0.9857166555779606,0.9978353728930963
CASCADE,620,0.9852810213195458,0.9980127014299909
CASCADE,621,0.9852914524487353,0.9977088016600381
CASCADE,622,0.9848300588959382,0.9977778419093244
CASCADE,623,0.9855487387033063,0.9978519735893665
CASCADE,624,0.985035800779577,0.9980513294263691
CASCADE,625,0.9853189000598648,0.9976907311722426
CASCADE,626,0.9856260336955225,0.9982532625014436
CASCADE,627,0.9852235543897121,0.9980218606061482
CASCADE,628,0.9852204483897568,0.9977966272555768
CASCADE,629,0.9853032244941171,0.9978929746579692
CASCADE,630,0.9852176385499746,0.9977924944812362
CASCADE,631,0.9855740330955787,0.9978638030079963
CASCADE,632,0.9853942530945703,0.9977055945973247
CASCADE,633,0.9856418405925639,0.9980220319651185
CASCADE,634,0.9857129533710061,0.9981466049826154
CASCADE,635,0.985431602388694,0.9976241900647949
CASCADE,636,0.9853676319903792,0.9978357476770359
CASCADE,637,0.9850527018285322,0.9978507342122724
CASCADE,638,0.9850739274874729,0.9976510937545032
CASCADE,639,0.9850710059652477,0.9976362745380646
CASCADE,640,0.9851404597334823,0.9978495554785821
CASCADE,641,0.9858379208385247,0.997907406338394
CASCADE,642,0.9852542455531873,0.9977051309807318
CASCADE,643,0.9852988205082148,0.9977342588717475
CASCADE,644,0.985437085226018,0.9978814170005477
CASCADE,645,0.9855139821298649,0.9978139561640683
CASCADE,646,0.9851737676022939,0.9977635413961273
CASCADE,647,0.9848199326757023,0.9973599549893966
CASCADE,648,0.9856311935503352,0.9978207848061076
CASCADE,649,0.9861183842575024,0.9977339972577037
CASCADE,650,0.9852332430653566,0.998007479172382
CASCADE,651,0.9855146591031341,0.997907406338394
CASCADE,652,0.9856855553129126,0.9978065428517829
CASCADE,653,0.9850705297015114,0.9973326797197151
CASCADE,654,0.9857280832667027,0.9977343569614407
CASCADE,655,0.9851888996422152,0.9977913791610128
CASCADE,656,0.9858879603123806,0.9976338532123328
CASCADE,657,0.9855694135326792,0.9977493724211559
CASCADE,658,0.9857774673297136,0.9977921759332746
CASCADE,659,0.9849446010853878,0.9975828033725648
CASCADE,660,0.9853052913623782,0.9977810757460052
CASCADE,661,0.9845284247670225,0.997621004368701
CASCADE,662,0.9854634861763997,0.9975942839033104
CASCADE,663,0.9853250791820902,0.9976073451620807
CASCADE,664,0.9856271707572901,0.9976498745638571
CASCADE,665,0.985300631418189,0.9978645427524312
CASCADE,666,0.9852195868097923,0.9976346040125192
CASCADE,667,0.9851189978470618,0.9979791272716775
CASCADE,668,0.9851886071071412,0.9975649116740152
CASCADE,669,0.9858028083475967,0.9978121311569796
CASCADE,670,0.9849421257090928,0.9977484953887453
CASCADE,671,0.9851384701557653,0.9977337682958515
CASCADE,672,0.985483754138768,0.9978220106735901
CASCADE,673,0.9853588941628638,0.9978232665417327
CASCADE,674,0.9849249625119882,0.9976221357544315
CASCADE,675,0.9852989990538168,0.9978784511249982
CASCADE,676,0.9851632340139831,0.9976059994231324
CASCADE,677,0.9852319116977702,0.9977928766174752
CASCADE,678,0.9856960346320033,0.9979790689281848
CASCADE,679,0.9847686580629101,0.9976355588875593
CASCADE,680,0.9855501074642159,0.9973352154874395
CASCADE,681,0.9853160071252571,0.9977069181845715
CASCADE,682,0.9855930201783921,0.9976377385667987
CASCADE,683,0.9850474499138491,0.9977915066832184
CASCADE,684,0.9853206300693237,0.9978214764907016
CASCADE,685,0.9851139149261496,0.9978493692445368
CASCADE,686,0.9858954361834246,0.9980512450378924
CASCADE,687,0.9852631745418212,0.9979814000432558
CASCADE,688,0.9854836511496163,0.9982095931155968
CASCADE,689,0.9855301411803621,0.9978518187454045
CASCADE,690,0.9860051916862154,0.997704932230546
CASCADE,691,0.9856272873581926,0.997334447582272
CASCADE,692,0.9843594354628785,0.9978213821959313
CASCADE,693,0.9853714711061347,0.9978977984478266
CASCADE,694,0.9851875987664857,0.9976473305139789
CASCADE,695,0.9854539239872787,0.9976124039927509
CASCADE,696,0.9855485081262487,0.9980658756964291
CASCADE,697,0.9856087007666756,0.9980226314877894
CASCADE,698,0.9849128083940412,0.9978215079204779
CASCADE,699,0.9852143282910059,0.9978068593359978
CASCADE,700,0.9851203182059673,0.9979791564421606
CASCADE,701,0.9853544975042058,0.9981236378332347
CASCADE,702,0.9854198945657572,0.9975487015327825
CASCADE,703,0.9853147608222289,0.9978520045554803
CASCADE,704,0.9851484160928429,0.9977639608188231
CASCADE,705,0.9854179434158021,0.9978088195015065
CASCADE,706,0.9853710673581102,0.9980222032944029
CASCADE,707,0.9853135069863731,0.9977208799134512
CASCADE,708,0.9849149797054415,0.9979791272716775
CASCADE,709,0.9859698137230299,0.9979790397551751
CASCADE,710,0.9848826214527546,0.9976796806318187
CASCADE,711,0.9854979775843925,0.9975465435127724
CASCADE,712,0.9853954090313242,0.9975059108471253
CASCADE,713,0.9853523816983172,0.9978497727108738
CASCADE,714,0.9854718568808243,0.9978279944189525
CASCADE,715,0.9859124402135103,0.9980079968820821
CASCADE,716,0.9851401432049546,0.9975399223133362
CASCADE,717,0.9852366258584992,0.9978983431458637
CASCADE,718,0.9853151097938921,0.9978954348233463
CASCADE,719,0.9854349106045555,0.9975926192878766
CASCADE,720,0.9858602202923661,0.9980374613985974
CASCADE,721,0.9854346947876118,0.9976056541179864
CASCADE,722,0.9855084865337442,0.9975478175576263
CASCADE,723,0.9853232011610893,0.9979935331139211
CASCADE,724,0.9849913416644569,0.9973321027356763
CASCADE,725,0.9857496984841946,0.9978718509145289
CASCADE,726,0.984907900008956,0.9975777149777957
CASCADE,727,0.9856144497734102,0.9977203537780086
CASCADE,728,0.9855640671274843,0.9979359420331693
CASCADE,729,0.9852294411763984,0.9977656369376252
CASCADE,730,0.9856902741808351,0.9976911643746663
CASCADE,731,0.9852468696471344,0.9977371978726778
CASCADE,732,0.9849312145312333,0.997679145464243
CASCADE,733,0.9858243835496825,0.998012214796036
CASCADE,734,0.985390695632074,0.997737980318988
CASCADE,735,0.9853639706832656,0.9979367461187741
CASCADE,736,0.9850865446422281,0.9974626973257407
CASCADE,737,0.9851970769418019,0.9977385342244757
CASCADE,738,0.9857834122105319,0.9979794189386176
CASCADE,739,0.986019259232367,0.9977916660652686
CASCADE,740,0.9852459654963514,0.9975054433245375
CASCADE,741,0.9851726625225731,0.9974750389565418
CASCADE,742,0.9853777114527347,0.9980541101517794
CASCADE,743,0.9855979446860859,0.9978058462648863
CASCADE,744,0.985722417892861,0.9978358101284086
CASCADE,745,0.9853792752115006,0.9972167342053272
CASCADE,746,0.9855345057469758,0.9979357632623601
CASCADE,747,0.984900858311836,0.9976766000432932
CASCADE,748,0.9853506562357927,0.997805814591333
CASCADE,749,0.9854590965503915,0.9981087129141702
CASCADE,750,0.984951723624547,0.997610238544261
CASCADE,751,0.9856567702993345,0.9980364129885505
CASCADE,752,0.9858003939966331,0.9976496034607065
CASCADE,753,0.9858982321067999,0.9979649862167507
CASCADE,754,0.9855111862577587,0.9982825556726176
CASCADE,755,0.9855408801216307,0.9979227373705317
CASCADE,756,0.9852551896010826,0.9974748932240564
CASCADE,757,0.9854245248070654,0.9981099135754375
CASCADE,758,0.9857736156058649,0.9975779245119806
CASCADE,759,0.9856460792912826,0.9976633829023092
CASCADE,760,0.9852811416925943,0.9977070835256114
CASCADE,761,0.9853287629232608,0.9980364696880009
CASCADE,762,0.9850586514249499,0.9980942756081715
CASCADE,763,0.9855155849326844,0.9977951984321412
CASCADE,764,0.9857112992558947,0.9976194941785812
CASCADE,765,0.9856069539110464,0.9977485278836162
CASCADE,766,0.9848513790540782,0.9976952883050286
CASCADE,767,0.9851017529354326,0.9981383400920728
CASCADE,768,0.9855097900135039,0.9974799838718967
CASCADE,769,0.9861884100167186,0.9983400932434578
CASCADE,770,0.9848491879695986,0.99760582678301
CASCADE,771,0.9853590818188183,0.9979215680614292
CASCADE,772,0.9856094298591973,0.998023287690998
CASCADE,773,0.9849563479321118,0.9977209785368105
CASCADE,774,0.984886419142875,0.9977489827133416
CASCADE,775,0.985560806029715,0.9976050668705726
CASCADE,776,0.9856715781205848,0.9976773374496877
CASCADE,777,0.9851638183848461,0.9977779380997042
CASCADE,778,0.9855889790785983,0.9979363888247518
CASCADE,779,0.9861457063960717,0.9979933013801466
CASCADE,780,0.9849880406970515,0.997592584583892
CASCADE,781,0.9858291238980491,0.997955775653576
CASCADE,782,0.9855328003805307,0.9975330726950099
CASCADE,783,0.9849791246685098,0.9974176236366784
CASCADE,784,0.9856692262907653,0.9977345858043664
CASCADE,785,0.9861770551531647,0.9983540520639321
CASCADE,786,0.9850223338275083,0.9972363364184648
CASCADE,787,0.9857940719160809,0.9977782907265278
CASCADE,788,0.9856167627184736,0.9977082402456074
CASCADE,789,0.9851685590220268,0.9978640188197261
CASCADE,790,0.9855220952314974,0.9979931565193537
CASCADE,791,0.9851104134527489,0.9978239252929054
CASCADE,792,0.9849994269387344,0.9978501450069979
CASCADE,793,0.9855299862580488,0.9975912303476129
CASCADE,794,0.985143355631254,0.9975911261124815
CASCADE,795,0.9854403962365545,0.9978790633251093
CASCADE,796,0.9861575479196016,0.998225517917941
CASCADE,797,0.985016576703609,0.9976632480851616
CASCADE,798,0.985339191546881,0.9977915066832184
CASCADE,799,0.9856426298656993,0.9977067858945698
CASCADE,800,0.9850269192260397,0.9977649281172043
CASCADE,801,0.9855968479600111,0.9980097780469865
CASCADE,802,0.9850722148522697,0.9979525629010165
CASCADE,803,0.9851982822459463,0.9976769688050097
CASCADE,804,0.9857859289936842,0.9981520248321664
CASCADE,805,0.9854809903901288,0.9978360911149902
CASCADE,806,0.9852831292426476,0.9976190132613746
CASCADE,807,0.9855452321610713,0.9976789447127514
CASCADE,808,0.985217619725903,0.9978220735014135
CASCADE,809,0.9852591743969171,0.9976336142214014
CASCADE,810,0.9852719897296978,0.9978500519450537
CASCADE,811,0.9853052193847818,0.9977797001153402
CASCADE,812,0.9855234188282015,0.9974075727679922
CASCADE,813,0.9858885487995513,0.9980230309677047
CASCADE,814,0.985906317658746,0.9982527328125226
CASCADE,815,0.985048070152819,0.9981133434147044
CASCADE,816,0.9857197639970232,0.9981094498643422
CASCADE,817,0.9855268685707712,0.9978803783596724
CASCADE,818,0.9855417575012878,0.9982682733241937
CASCADE,819,0.9856054478155248,0.9982238523631428
CASCADE,820,0.9852059307469937,0.997749047674016
CASCADE,821,0.985109617338242,0.9979646924664751
CASCADE,822,0.9853438335220785,0.9979095483182676
CASCADE,823,0.9855693168316574,0.9978497106489833
CASCADE,824,0.985493634672814,0.9977779060371695
CASCADE,825,0.985660763803657,0.9976495356751457
CASCADE,826,0.9849009010487998,0.9975902919065552
CASCADE,827,0.9852592224047961,0.9978216336305145
CASCADE,828,0.9854256888943279,0.9977915704387991
CASCADE,829,0.9851108914204451,0.997765153699752
CASCADE,830,0.9852241061743033,0.9977489177489177
CASCADE,831,0.9853947986087006,0.997503463403371
CASCADE,832,0.985682181973219,0.9978348417269303
CASCADE,833,0.9854290005273159,0.9974466611849223
CASCADE,834,0.9848230611187729,0.9976053432581757
CASCADE,835,0.9861079090175313,0.9979227373705317
CASCADE,836,0.9854906121184444,0.9977077446514042
CASCADE,837,0.9858268591974133,0.9978634946298649
CASCADE,838,0.9848889729667185,0.9975223278594065
CASCADE,839,0.985554080543067,0.9976930286208636
CASCADE,840,0.9854193276474065,0.9976777729698543
CASCADE,841,0.9850524254646714,0.9978202814868279
CASCADE,842,0.9855681276137235,0.9979366270345146
CASCADE,843,0.9861335951573298,0.9980077380608651
CASCADE,844,0.9851534234547895,0.9980365830770785
CASCADE,845,0.985593750713087,0.9976475681916582
CASCADE,846,0.9853393913405656,0.9973799000906958
CASCADE,847,0.9849400775867002,0.9977662487390114
CASCADE,848,0.9852500823458462,0.9977914429239564
CASCADE,849,0.9856609904152933,0.9979499025481845
CASCADE,850,0.9853660807873993,0.9978515089904976
CASCADE,851,0.9852675322837554,0.9979662777112691
CASCADE,852,0.9856536713636312,0.9978075236556658
CASCADE,853,0.9856679053625139,0.9980093474121516
CASCADE,854,0.9854873898110506,0.9979355546572732
CASCADE,855,0.9855414891458198,0.9979374900840869
CASCADE,856,0.9848857326513298,0.9978075552798973
CASCADE,857,0.9857492020558697,0.9979796522115593
CASCADE,858,0.9854827728974248,0.9978497416803763
CASCADE,859,0.9850058182213406,0.997648247006204
CASCADE,860,0.9854249894172935,0.997637330183107
CASCADE,861,0.9854380995746073,0.997621175859981
CASCADE,862,0.9855765591713891,0.9978203444144521
CASCADE,863,0.9853485238866638,0.9979933593186083
CASCADE,864,0.9855342084237194,0.9979068021711514
CASCADE,865,0.9850249181245576,0.9974223092652862
CASCADE,866,0.9855356538486583,0.9976921967402279
CASCADE,867,0.9856498361727973,0.9978781142642686
CASCADE,868,0.9858514669240218,0.9976334776334776
CASCADE,869,0.9858809799020261,0.9980651216518663
CASCADE,870,0.9857461873307964,0.9978925488611103
CASCADE,871,0.9851881599022136,0.9977393157470338
CASCADE,872,0.9854006906541821,0.9977358925918982
CASCADE,873,0.9852792218696298,0.997978747978748
CASCADE,874,0.9859988636293221,0.9977635736649978
CASCADE,875,0.9854110927696199,0.9978363096096703
CASCADE,876,0.9855390990734151,0.9979372818278857
CASCADE,877,0.9854260697846448,0.9978648816307688
CASCADE,878,0.9852206302462484,0.9977828327910392
CASCADE,879,0.9850638320723705,0.9978084403881368
CASCADE,880,0.9855101268529822,0.9980094335540266
CASCADE,881,0.9852086253346142,0.9977915385614688
CASCADE,882,0.9860140803761034,0.9981804003119313
CASCADE,883,0.9855987873742463,0.9978498657969928
CASCADE,884,0.9855153306659769,0.9977203208864778
CASCADE,885,0.9860507595770278,0.998066294356177
CASCADE,886,0.9858895080281509,0.9977929402939861
CASCADE,887,0.9855129273097223,0.9979506718044191
CASCADE,888,0.9856370756682187,0.997691564109593
CASCADE,889,0.9859296880998236,0.9978634946298649
CASCADE,890,0.986393073258761,0.9980512731681968
CASCADE,891,0.9855931305076435,0.997633272722025
CASCADE,892,0.986264863715815,0.9979791856118015
CASCADE,893,0.9855454509311425,0.997562136664599
CASCADE,894,0.9852671855546007,0.9978636179918009
CASCADE,895,0.9853667226190141,0.9977915066832184
CASCADE,896,0.9848177109100198,0.9977223912009341
CASCADE,897,0.9855094024902198,0.997879185722736
CASCADE,898,0.9852533452307073,0.9975754426981859
CASCADE,899,0.9855366096005543,0.9979932724096612
CASCADE,900,0.9859461256532802,0.9977056939193674
CASCADE,901,0.9851232623375058,0.997821099262637
CASCADE,902,0.9855736700475113,0.9979935910390023
CASCADE,903,0.9858186987846461,0.9978781755196305
CASCADE,904,0.9856795318673166,0.9977279263733103
CASCADE,905,0.9853967512155176,0.9976477379320298
CASCADE,906,0.985036293295484,0.9978493071593534
CASCADE,907,0.9852469216737068,0.9981230960252949
CASCADE,908,0.9856407250182465,0.9976056195819931
CASCADE,909,0.9859722723682065,0.998108630995351
CASCADE,910,0.9856717745287944,0.9978787572692247
CASCADE,911,0.9853574856636607,0.9976103073490247
CASCADE,912,0.9854795945220937,0.9977628312453092
CASCADE,913,0.9850602261065069,0.9977534885730333
CASCADE,914,0.9855476034936531,0.997849586514454
CASCADE,915,0.9853116690235911,0.9979517359758824
CASCADE,916,0.9847466038700753,0.9974400276131853
CASCADE,917,0.9856946599102847,0.9978644503123962
CASCADE,918,0.9851577401132078,0.9976792458269669
CASCADE,919,0.9851636600482966,0.9977055283778519
CASCADE,920,0.9844840567679387,0.9976775719808436
CASCADE,921,0.9851631954382272,0.9976347404704559
CASCADE,922,0.9852723363286581,0.9976499423298731
CASCADE,923,0.9850742801005352,0.9979933013801466
CASCADE,924,0.985213328313173,0.9975197912010267
CASCADE,925,0.9851866581574301,0.9975934518834482
CASCADE,926,0.9854728955913815,0.9979510562160914
CASCADE,927,0.9848713084607961,0.9976043064755885
CASCADE,928,0.9853024117369235,0.9975755826538711
CASCADE,929,0.9851380157140561,0.9976046867334276
CASCADE,930,0.9851960784427792,0.9976644272079813
CASCADE,931,0.9845778271906117,0.997605515968035
CASCADE,932,0.9849968480891572,0.9980651775271814
CASCADE,933,0.985310616990007,0.9977342588717475
CASCADE,934,0.9851028183740588,0.9976333751821869
CASCADE,935,0.98463861136724,0.9976800484163809
CASCADE,936,0.984453893021381,0.9978635563126137
CASCADE,937,0.9850735779878365,0.9980384238158426
CASCADE,938,0.9849358240999991,0.9979644574051885
CASCADE,939,0.9852680652624317,0.9974323096230688
CASCADE,940,0.9854639568347565,0.9979098195237271
CASCADE,941,0.9856323107821183,0.9979214780600462
CASCADE,942,0.9858653767425262,0.9979645161756002
CASCADE,943,0.9849891048428461,0.9978942206452915
CASCADE,944,0.9856358457255593,0.9977916341906988
CASCADE,945,0.9858625203131812,0.9979073459373647
CASCADE,946,0.9852368080662248,0.9977780022219978
CASCADE,947,0.9858920722466746,0.997920997920998
CASCADE,948,0.9850811337374414,0.9978349042305972
CASCADE,949,0.9858153012758462,0.998008830404294
CASCADE,950,0.9847159376464956,0.9973883558184835
CASCADE,951,0.9857541873905215,0.9979793897757122
CASCADE,952,0.985400588976909,0.9980241999451968
CASCADE,953,0.9857059575585169,0.9974899019042124
CASCADE,954,0.985149337377783,0.9975919250180245
CASCADE,955,0.9857595785507987,0.9980678278924905
CASCADE,956,0.9853507962054329,0.9976065171941461
CASCADE,957,0.9856911807447638,0.9982095155584434
CASCADE,958,0.9850754461218488,0.9979365972613018
CASCADE,959,0.984871135362392,0.997965279882246
CASCADE,960,0.9853110396430859,0.9976782752902156
CASCADE,961,0.9848657976948569,0.9978494934041509
CASCADE,962,0.9856045140059462,0.9978790633251093
CASCADE,963,0.9860464218908,0.9979221678715207
CASCADE,964,0.9858204596169707,0.9978063529174063
CASCADE,965,0.9852796147781794,0.997995095918073
CASCADE,966,0.9853845155845634,0.9976908311564606
CASCADE,967,0.9853813621878288,0.9979136390451662
CASCADE,968,0.9851316808235313,0.997705892537658
CASCADE,969,0.9850103054901928,0.9976339556222408
CASCADE,970,0.9858486378332421,0.9979941990504914
CASCADE,971,0.9854855911959552,0.9976622364604528
CASCADE,972,0.9850224592597523,0.9977930994691899
CASCADE,973,0.9857510872396954,0.9980811957180368
CASCADE,974,0.9854803976661761,0.9978927617810492
CASCADE,975,0.9855513039732536,0.9980377162479981
CASCADE,976,0.9856875216469614,0.9973882804496198
CASCADE,977,0.985264599144232,0.9978357476770359
CASCADE,978,0.9852840881765994,0.9976850853355188
CASCADE,979,0.9848074050558463,0.9977661199665638
CASCADE,980,0.984894290824303,0.9975222921678503
CASCADE,981,0.9852631585954638,0.9975936252683756
CASCADE,982,0.9850306991374282,0.9976492305917305
CASCADE,983,0.9855894886848248,0.9977791557907791
CASCADE,984,0.9851804059655107,0.9976773374496877
CASCADE,985,0.9852165431341062,0.9976348769126491
CASCADE,986,0.9854797055859595,0.9980077092988003
CASCADE,987,0.9849179497372665,0.9975079945838495
CASCADE,988,0.9855482924420637,0.9979357632623601
CASCADE,989,0.9857416908900276,0.9978205017176178
CASCADE,990,0.984886794914221,0.9973890339425587
CASCADE,991,0.9849188355743045,0.9974197454341026
CASCADE,992,0.9853782662876613,0.9976379086850065
CASCADE,993,0.9848647455842207,0.997733899136861
CASCADE,994,0.9856203808912573,0.9978930050654468
CASCADE,995,0.9849589656516515,0.9981949719137629
CASCADE,996,0.9851197387578645,0.9977937995674117
CASCADE,997,0.985372941582523,0.9977485278836162
CASCADE,998,0.9849545408623732,0.9977774891400037
CASCADE,999,0.9853560124738701,0.9978060996203975
