source,run,model_seed,label_rank_seed,xgb_seed
N10_MATCHED_ANALYSIS_ALL.csv,0.0,42.0,20260813.0,
N10_MATCHED_ANALYSIS_ALL.csv,1.0,62.0,20260823.0,
N10_MATCHED_ANALYSIS_ALL.csv,2.0,82.0,20260833.0,
N10_MATCHED_ANALYSIS_ALL.csv,3.0,102.0,20260843.0,
N10_MATCHED_ANALYSIS_ALL.csv,4.0,122.0,20260853.0,
N10_MATCHED_ANALYSIS_ALL.csv,5.0,342.0,9301.0,
N10_MATCHED_ANALYSIS_ALL.csv,6.0,362.0,9302.0,
N10_MATCHED_ANALYSIS_ALL.csv,7.0,382.0,9303.0,
N10_MATCHED_ANALYSIS_ALL.csv,8.0,402.0,9304.0,
N10_MATCHED_ANALYSIS_ALL.csv,9.0,422.0,9305.0,
N10_RUT_FULL_GRID_AND_R0_200K.csv,0.0,42.0,20260813.0,
N10_RUT_FULL_GRID_AND_R0_200K.csv,1.0,62.0,20260823.0,
N10_RUT_FULL_GRID_AND_R0_200K.csv,2.0,82.0,20260833.0,
N10_RUT_FULL_GRID_AND_R0_200K.csv,3.0,102.0,20260843.0,
N10_RUT_FULL_GRID_AND_R0_200K.csv,4.0,122.0,20260853.0,
N10_RUT_FULL_GRID_AND_R0_200K.csv,5.0,342.0,9301.0,
N10_RUT_FULL_GRID_AND_R0_200K.csv,6.0,362.0,9302.0,
N10_RUT_FULL_GRID_AND_R0_200K.csv,7.0,382.0,9303.0,
N10_RUT_FULL_GRID_AND_R0_200K.csv,8.0,402.0,9304.0,
N10_RUT_FULL_GRID_AND_R0_200K.csv,9.0,422.0,9305.0,
FF4_N10_ALL_RUNS.csv,,442.0,9401.0,
FF4_N10_ALL_RUNS.csv,,462.0,9402.0,
FF4_N10_ALL_RUNS.csv,,482.0,9403.0,
FF4_N10_ALL_RUNS.csv,,502.0,9404.0,
FF4_N10_ALL_RUNS.csv,,522.0,9405.0,
FF4_N10_ALL_RUNS.csv,,542.0,9406.0,
FF4_N10_ALL_RUNS.csv,,562.0,9407.0,
FF4_N10_ALL_RUNS.csv,,582.0,9408.0,
FF4_N10_ALL_RUNS.csv,,602.0,9409.0,
FF4_N10_ALL_RUNS.csv,,622.0,9410.0,
XGB_200K_N10_ALL_SCENARIOS.csv,,,,1042.0
XGB_200K_N10_ALL_SCENARIOS.csv,,,,1062.0
XGB_200K_N10_ALL_SCENARIOS.csv,,,,1082.0
XGB_200K_N10_ALL_SCENARIOS.csv,,,,1102.0
XGB_200K_N10_ALL_SCENARIOS.csv,,,,1122.0
XGB_200K_N10_ALL_SCENARIOS.csv,,,,1342.0
XGB_200K_N10_ALL_SCENARIOS.csv,,,,1362.0
XGB_200K_N10_ALL_SCENARIOS.csv,,,,1382.0
XGB_200K_N10_ALL_SCENARIOS.csv,,,,1402.0
XGB_200K_N10_ALL_SCENARIOS.csv,,,,1422.0
