run,stream,allowed_tpr_loss_pp,scenario,target_fpr,escalation_rate,full_path_avoided_rate,delta_tpr_vs_full_pp,delta_fpr_vs_full_pp,tpr,fpr,precision,f1,tp,fp,tn,fn,fp_per_1000,full_tpr,full_fpr
0,URL_BASE,0.25,OFFICIAL_TEST,0.005,0.544109246697608,0.45589075330239204,-0.005208333333328596,0.05478851632697793,0.9611328125,0.007210168748630287,0.9911645831375129,0.9759177116868178,73815,658,90602,2985,7.210168748630287,0.9611848958333333,0.006662283585360508
0,URL_BASE,0.25,DOMAIN_OOD_EXACT,0.005,0.5847718626258444,0.41522813737415565,0.006688873727445088,0.10688432201331183,0.962555684873781,0.013069037555264052,0.992578286660229,0.9773364755740589,71952,538,40628,2799,13.069037555264051,0.9624887961365065,0.012000194335130934
0,URL_BASE,0.25,TEMPLATE_OOD_EXACT,0.005,0.5433778058961811,0.4566221941038189,-0.0042302377393665935,0.05536791982725213,0.961758650836177,0.00715353524168097,0.9906175564979957,0.9759748157687629,68206,646,89659,2712,7.15353524168097,0.9618009532135706,0.006599856043408449
0,URL_BASE,0.25,DOMAIN_TEMPLATE_OOD_EXACT,0.005,0.5883010127617058,0.41169898723829423,0.008673653776647416,0.10752688172042998,0.9634550054210336,0.012854349951124144,0.9921694728536763,0.977601431630827,66647,526,40394,2528,12.854349951124144,0.9633682688832671,0.011779081133919844
0,URL_BASE,0.25,LATE_TEST_Q4,0.005,0.5633977428180574,0.43660225718194257,-0.021425319371171092,0.07411328745367922,0.9638983368595838,0.015457914240338804,0.9959598195755043,0.9796668299853013,35991,146,9299,1348,15.457914240338804,0.9641125900532955,0.014716781365802012
0,URL_BASE,0.5,OFFICIAL_TEST,0.005,0.4576698798048316,0.5423301201951685,-0.12630208333332948,0.04054350208196368,0.959921875,0.007067718606180145,0.9913267981766106,0.9753716088828912,73722,645,90615,3078,7.0677186061801445,0.9611848958333333,0.006662283585360508
0,URL_BASE,0.5,DOMAIN_OOD_EXACT,0.005,0.5265491688018151,0.4734508311981849,-0.10300865540260329,0.08259243064665002,0.9614587095824805,0.012826118641597434,0.9927069808558248,0.9768330060007203,71870,528,40638,2881,12.826118641597434,0.9624887961365065,0.012000194335130934
0,URL_BASE,0.5,TEMPLATE_OOD_EXACT,0.005,0.4539488782617865,0.5460511217382136,-0.13113736992018676,0.04207961906871156,0.9604895795143688,0.007020652234095565,0.9907781818181818,0.9753988028753903,68116,634,89671,2802,7.020652234095564,0.9618009532135706,0.006599856043408449
0,URL_BASE,0.5,DOMAIN_TEMPLATE_OOD_EXACT,0.005,0.5272264862164494,0.4727735137835506,-0.10552945428261573,0.08553274682306933,0.9623129743404409,0.012634408602150538,0.9922933591712008,0.9770732423308381,66568,517,40403,2607,12.634408602150538,0.9633682688832671,0.011779081133919844
0,URL_BASE,0.5,LATE_TEST_Q4,0.005,0.5296682626538988,0.47033173734610123,-0.12587375130560519,0.03176283748014819,0.9628538525402395,0.015034409740603494,0.9960658281154763,0.9791782985851049,35952,142,9303,1387,15.034409740603493,0.9641125900532955,0.014716781365802012
0,URL_BASE,1.0,OFFICIAL_TEST,0.005,0.3027014161608949,0.697298583839105,-1.0651041666666639,0.0065746219592374006,0.9505338541666667,0.006728029804952882,0.9916593085648305,0.9706611707608949,73001,614,90646,3799,6.728029804952882,0.9611848958333333,0.006662283585360508
0,URL_BASE,1.0,DOMAIN_OOD_EXACT,0.005,0.3811520311947342,0.6188479688052658,-0.8922957552407351,0.029150269639994023,0.9535658385840992,0.012291697031530874,0.992951271835734,0.9728600967673693,71280,506,40660,3471,12.291697031530875,0.9624887961365065,0.012000194335130934
0,URL_BASE,1.0,TEMPLATE_OOD_EXACT,0.005,0.29632868759420183,0.7036713124057982,-1.075890465044138,0.006644150379270242,0.9510420485631292,0.006666297547201151,0.991153303550435,0.9706834765338284,67446,602,89703,3472,6.666297547201151,0.9618009532135706,0.006599856043408449
0,URL_BASE,1.0,DOMAIN_TEMPLATE_OOD_EXACT,0.005,0.37786457150642627,0.6221354284935737,-0.8933863389953056,0.02932551319648081,0.954434405493314,0.012072336265884652,0.9925733271193831,0.9731303245585591,66023,494,40426,3152,12.072336265884653,0.9633682688832671,0.011779081133919844
0,URL_BASE,1.0,LATE_TEST_Q4,0.005,0.4225803693570451,0.5774196306429549,-0.9855646910736815,-0.20116463737427215,0.9542569431425587,0.01270513499205929,0.9966434505328522,0.9749897386783418,35631,120,9325,1708,12.70513499205929,0.9641125900532955,0.014716781365802012
0,URL_BASE,2.0,OFFICIAL_TEST,0.005,0.3027014161608949,0.697298583839105,-1.0651041666666639,0.0065746219592374006,0.9505338541666667,0.006728029804952882,0.9916593085648305,0.9706611707608949,73001,614,90646,3799,6.728029804952882,0.9611848958333333,0.006662283585360508
0,URL_BASE,2.0,DOMAIN_OOD_EXACT,0.005,0.3811520311947342,0.6188479688052658,-0.8922957552407351,0.029150269639994023,0.9535658385840992,0.012291697031530874,0.992951271835734,0.9728600967673693,71280,506,40660,3471,12.291697031530875,0.9624887961365065,0.012000194335130934
0,URL_BASE,2.0,TEMPLATE_OOD_EXACT,0.005,0.29632868759420183,0.7036713124057982,-1.075890465044138,0.006644150379270242,0.9510420485631292,0.006666297547201151,0.991153303550435,0.9706834765338284,67446,602,89703,3472,6.666297547201151,0.9618009532135706,0.006599856043408449
0,URL_BASE,2.0,DOMAIN_TEMPLATE_OOD_EXACT,0.005,0.37786457150642627,0.6221354284935737,-0.8933863389953056,0.02932551319648081,0.954434405493314,0.012072336265884652,0.9925733271193831,0.9731303245585591,66023,494,40426,3152,12.072336265884653,0.9633682688832671,0.011779081133919844
0,URL_BASE,2.0,LATE_TEST_Q4,0.005,0.4225803693570451,0.5774196306429549,-0.9855646910736815,-0.20116463737427215,0.9542569431425587,0.01270513499205929,0.9966434505328522,0.9749897386783418,35631,120,9325,1708,12.70513499205929,0.9641125900532955,0.014716781365802012
0,URL_DAPT,0.25,OFFICIAL_TEST,0.005,0.31632155182672855,0.6836784481732714,-0.3932291666666643,0.0,0.9572526041666667,0.006662283585360508,0.9917976391231028,0.9742189829385457,73517,608,90652,3283,6.662283585360508,0.9611848958333333,0.006662283585360508
0,URL_DAPT,0.25,DOMAIN_OOD_EXACT,0.005,0.406282081144267,0.593717918855733,-0.24748832791534614,0.0048583782733322214,0.960013912857353,0.012048778117864256,0.9931357081568822,0.9762939683964926,71762,496,40670,2989,12.048778117864256,0.9624887961365065,0.012000194335130934
0,URL_DAPT,0.25,TEMPLATE_OOD_EXACT,0.005,0.30612257556304,0.69387742443696,-0.4018725852392935,0.0,0.9577822273611777,0.006599856043408449,0.9913018096906013,0.9742537902150059,67924,596,89709,2994,6.599856043408449,0.9618009532135706,0.006599856043408449
0,URL_DAPT,0.25,DOMAIN_TEMPLATE_OOD_EXACT,0.005,0.398174304010173,0.6018256959898269,-0.24430791470907431,0.004887585532746715,0.9609251897361764,0.011827956989247311,0.992771372244459,0.9765887270349883,66472,484,40436,2703,11.827956989247312,0.9633682688832671,0.011779081133919844
0,URL_DAPT,0.25,LATE_TEST_Q4,0.005,0.45688696990424077,0.5431130300957592,-0.1874715444977193,-0.07411328745367922,0.9622378746083183,0.01397564849126522,0.9963395357865839,0.9789918256130791,35929,132,9313,1410,13.97564849126522,0.9641125900532955,0.014716781365802012
0,URL_DAPT,0.5,OFFICIAL_TEST,0.005,0.31632155182672855,0.6836784481732714,-0.3932291666666643,0.0,0.9572526041666667,0.006662283585360508,0.9917976391231028,0.9742189829385457,73517,608,90652,3283,6.662283585360508,0.9611848958333333,0.006662283585360508
0,URL_DAPT,0.5,DOMAIN_OOD_EXACT,0.005,0.406282081144267,0.593717918855733,-0.24748832791534614,0.0048583782733322214,0.960013912857353,0.012048778117864256,0.9931357081568822,0.9762939683964926,71762,496,40670,2989,12.048778117864256,0.9624887961365065,0.012000194335130934
0,URL_DAPT,0.5,TEMPLATE_OOD_EXACT,0.005,0.30612257556304,0.69387742443696,-0.4018725852392935,0.0,0.9577822273611777,0.006599856043408449,0.9913018096906013,0.9742537902150059,67924,596,89709,2994,6.599856043408449,0.9618009532135706,0.006599856043408449
0,URL_DAPT,0.5,DOMAIN_TEMPLATE_OOD_EXACT,0.005,0.398174304010173,0.6018256959898269,-0.24430791470907431,0.004887585532746715,0.9609251897361764,0.011827956989247311,0.992771372244459,0.9765887270349883,66472,484,40436,2703,11.827956989247312,0.9633682688832671,0.011779081133919844
0,URL_DAPT,0.5,LATE_TEST_Q4,0.005,0.45688696990424077,0.5431130300957592,-0.1874715444977193,-0.07411328745367922,0.9622378746083183,0.01397564849126522,0.9963395357865839,0.9789918256130791,35929,132,9313,1410,13.97564849126522,0.9641125900532955,0.014716781365802012
0,URL_DAPT,1.0,OFFICIAL_TEST,0.005,0.22040937760323695,0.779590622396763,-1.0651041666666639,0.012053473591935177,0.9505338541666667,0.00678281832127986,0.9915919587068731,0.9706289057306209,73001,619,90641,3799,6.78281832127986,0.9611848958333333,0.006662283585360508
0,URL_DAPT,1.0,DOMAIN_OOD_EXACT,0.005,0.28978493232226504,0.710215067677735,-0.8334336664392428,0.03400864791332642,0.9541544594721141,0.012340280814264198,0.9929279429780599,0.9731551407734865,71324,508,40658,3427,12.340280814264197,0.9624887961365065,0.012000194335130934
0,URL_DAPT,1.0,TEMPLATE_OOD_EXACT,0.005,0.21446691849177846,0.7855330815082215,-1.053329197100883,0.012180942361995472,0.9512676612425618,0.006721665467028404,0.9910825779723516,0.9707670501557699,67462,607,89698,3456,6.721665467028403,0.9618009532135706,0.006599856043408449
0,URL_DAPT,1.0,DOMAIN_TEMPLATE_OOD_EXACT,0.005,0.28590762523275354,0.7140923747672465,-0.8124322370798742,0.034213098729227696,0.9552439465124684,0.012121212121212121,0.9925497559143823,0.9735395948434622,66079,496,40424,3096,12.121212121212121,0.9633682688832671,0.011779081133919844
0,URL_DAPT,1.0,LATE_TEST_Q4,0.005,0.34618673050615595,0.6538132694938441,-0.771311497362015,-0.19057702488088946,0.9563994750796754,0.012811011116993117,0.9966231301629828,0.976097087644012,35711,121,9324,1628,12.811011116993118,0.9641125900532955,0.014716781365802012
0,URL_DAPT,2.0,OFFICIAL_TEST,0.005,0.22040937760323695,0.779590622396763,-1.0651041666666639,0.012053473591935177,0.9505338541666667,0.00678281832127986,0.9915919587068731,0.9706289057306209,73001,619,90641,3799,6.78281832127986,0.9611848958333333,0.006662283585360508
0,URL_DAPT,2.0,DOMAIN_OOD_EXACT,0.005,0.28978493232226504,0.710215067677735,-0.8334336664392428,0.03400864791332642,0.9541544594721141,0.012340280814264198,0.9929279429780599,0.9731551407734865,71324,508,40658,3427,12.340280814264197,0.9624887961365065,0.012000194335130934
0,URL_DAPT,2.0,TEMPLATE_OOD_EXACT,0.005,0.21446691849177846,0.7855330815082215,-1.053329197100883,0.012180942361995472,0.9512676612425618,0.006721665467028404,0.9910825779723516,0.9707670501557699,67462,607,89698,3456,6.721665467028403,0.9618009532135706,0.006599856043408449
0,URL_DAPT,2.0,DOMAIN_TEMPLATE_OOD_EXACT,0.005,0.28590762523275354,0.7140923747672465,-0.8124322370798742,0.034213098729227696,0.9552439465124684,0.012121212121212121,0.9925497559143823,0.9735395948434622,66079,496,40424,3096,12.121212121212121,0.9633682688832671,0.011779081133919844
0,URL_DAPT,2.0,LATE_TEST_Q4,0.005,0.34618673050615595,0.6538132694938441,-0.771311497362015,-0.19057702488088946,0.9563994750796754,0.012811011116993117,0.9966231301629828,0.976097087644012,35711,121,9324,1628,12.811011116993118,0.9641125900532955,0.014716781365802012
1,URL_BASE,0.25,OFFICIAL_TEST,0.005,0.4340652148042366,0.5659347851957635,-0.01822916666666119,0.09314047775586237,0.9610026041666667,0.007593688362919132,0.990697736851996,0.9756242646961625,73805,693,90567,2995,7.593688362919131,0.9611848958333333,0.006662283585360508
1,URL_BASE,0.25,DOMAIN_OOD_EXACT,0.005,0.4728814582848072,0.5271185417151928,-0.002675549490971374,0.18704756352329582,0.9624620406415968,0.013870669970363892,0.9921258756688179,0.9770688613199155,71945,571,40595,2806,13.870669970363892,0.9624887961365065,0.012000194335130934
1,URL_BASE,0.25,TEMPLATE_OOD_EXACT,0.005,0.4310799327639357,0.5689200672360644,-0.014100792464533107,0.09301810530978355,0.9616599452889253,0.007530037096506285,0.9901276150931343,0.975686173523037,68199,680,89625,2719,7.530037096506285,0.9618009532135706,0.006599856043408449
1,URL_BASE,0.25,DOMAIN_TEMPLATE_OOD_EXACT,0.005,0.4737363186339071,0.5262636813660929,0.002891217925549139,0.18572825024437914,0.9633971810625226,0.013636363636363636,0.9916965521346408,0.9773420543204083,66643,558,40362,2532,13.636363636363635,0.9633682688832671,0.011779081133919844
1,URL_BASE,0.25,LATE_TEST_Q4,0.005,0.4495767783857729,0.5504232216142271,-0.013390824606984708,0.1376389624139756,0.9639786818072257,0.016093170989941768,0.9957948320699386,0.9796284956113492,35994,152,9293,1345,16.09317098994177,0.9641125900532955,0.014716781365802012
1,URL_BASE,0.5,OFFICIAL_TEST,0.005,0.3419612043317863,0.6580387956682137,-0.3619791666666705,0.06903353057199219,0.9575651041666666,0.00735261889108043,0.9909583355791516,0.9739755780997537,73541,671,90589,3259,7.3526188910804295,0.9611848958333333,0.006662283585360508
1,URL_BASE,0.5,DOMAIN_OOD_EXACT,0.005,0.40203766488090614,0.5979623351190939,-0.2809326965525494,0.1384637807899722,0.959679469170981,0.013384832143030656,0.9923777113767154,0.9757547317378383,71737,551,40615,3014,13.384832143030657,0.9624887961365065,0.012000194335130934
1,URL_BASE,0.5,TEMPLATE_OOD_EXACT,0.005,0.3361369035435391,0.6638630964564609,-0.3623903663385941,0.06976357898233762,0.9581770495501847,0.007297491833231825,0.9903951261459533,0.9740197378322786,67952,659,89646,2966,7.297491833231825,0.9618009532135706,0.006599856043408449
1,URL_BASE,0.5,DOMAIN_TEMPLATE_OOD_EXACT,0.005,0.3996548435442118,0.6003451564557882,-0.2732200939645879,0.1392961876832844,0.9606360679436212,0.013172043010752688,0.9919541430938484,0.9760439463595906,66452,539,40381,2723,13.172043010752688,0.9633682688832671,0.011779081133919844
1,URL_BASE,0.5,LATE_TEST_Q4,0.005,0.4119357045143639,0.5880642954856361,-0.30263263611773894,0.0529380624669137,0.9610862636921181,0.015246161990471149,0.9960033305578685,0.9782333137973804,35886,144,9301,1453,15.24616199047115,0.9641125900532955,0.014716781365802012
1,URL_BASE,1.0,OFFICIAL_TEST,0.005,0.3419612043317863,0.6580387956682137,-0.3619791666666705,0.06903353057199219,0.9575651041666666,0.00735261889108043,0.9909583355791516,0.9739755780997537,73541,671,90589,3259,7.3526188910804295,0.9611848958333333,0.006662283585360508
1,URL_BASE,1.0,DOMAIN_OOD_EXACT,0.005,0.40203766488090614,0.5979623351190939,-0.2809326965525494,0.1384637807899722,0.959679469170981,0.013384832143030656,0.9923777113767154,0.9757547317378383,71737,551,40615,3014,13.384832143030657,0.9624887961365065,0.012000194335130934
1,URL_BASE,1.0,TEMPLATE_OOD_EXACT,0.005,0.3361369035435391,0.6638630964564609,-0.3623903663385941,0.06976357898233762,0.9581770495501847,0.007297491833231825,0.9903951261459533,0.9740197378322786,67952,659,89646,2966,7.297491833231825,0.9618009532135706,0.006599856043408449
1,URL_BASE,1.0,DOMAIN_TEMPLATE_OOD_EXACT,0.005,0.3996548435442118,0.6003451564557882,-0.2732200939645879,0.1392961876832844,0.9606360679436212,0.013172043010752688,0.9919541430938484,0.9760439463595906,66452,539,40381,2723,13.172043010752688,0.9633682688832671,0.011779081133919844
1,URL_BASE,1.0,LATE_TEST_Q4,0.005,0.4119357045143639,0.5880642954856361,-0.30263263611773894,0.0529380624669137,0.9610862636921181,0.015246161990471149,0.9960033305578685,0.9782333137973804,35886,144,9301,1453,15.24616199047115,0.9641125900532955,0.014716781365802012
1,URL_BASE,2.0,OFFICIAL_TEST,0.005,0.26877900749732236,0.7312209925026776,-1.325520833333338,0.013149243918474714,0.9479296875,0.006793776024545255,0.991555549502186,0.969251968766018,72801,620,90640,3999,6.793776024545255,0.9611848958333333,0.006662283585360508
1,URL_BASE,2.0,DOMAIN_OOD_EXACT,0.005,0.33817300309704357,0.6618269969029564,-1.1050019397733757,0.0510129718699898,0.9514387767387728,0.012510324053830832,0.9928108772125747,0.9716846441282354,71121,515,40651,3630,12.510324053830832,0.9624887961365065,0.012000194335130934
1,URL_BASE,2.0,TEMPLATE_OOD_EXACT,0.005,0.26164381012634674,0.7383561898736533,-1.3367551256380672,0.013288300758540483,0.94843340195719,0.006732739050993854,0.9910415653685777,0.9692694560729751,67261,608,89697,3657,6.732739050993854,0.9618009532135706,0.006599856043408449
1,URL_BASE,2.0,DOMAIN_TEMPLATE_OOD_EXACT,0.005,0.33333030564512467,0.6666696943548753,-1.102999638597757,0.05131964809384163,0.9523382724972895,0.01229227761485826,0.9924225305433784,0.9719673050252295,65878,503,40417,3297,12.29227761485826,0.9633682688832671,0.011779081133919844
1,URL_BASE,2.0,LATE_TEST_Q4,0.005,0.3748503761969904,0.6251496238030096,-1.1837488952569752,-0.20116463737427215,0.9522751011007258,0.01270513499205929,0.9966364884939877,0.9739509148679742,35557,120,9325,1782,12.70513499205929,0.9641125900532955,0.014716781365802012
1,URL_DAPT,0.25,OFFICIAL_TEST,0.005,0.24905390931810067,0.7509460906818993,-0.505208333333329,0.05478851632697793,0.9561328125,0.007210168748630287,0.9911187895639029,0.9733115071343836,73431,658,90602,3369,7.210168748630287,0.9611848958333333,0.006662283585360508
1,URL_DAPT,0.25,DOMAIN_OOD_EXACT,0.005,0.31580354909116004,0.68419645090884,-0.32641703789915155,0.11174270028664421,0.959224625757515,0.013117621337997376,0.9925252273576679,0.9755908404424671,71703,540,40626,3048,13.117621337997376,0.9624887961365065,0.012000194335130934
1,URL_DAPT,0.25,TEMPLATE_OOD_EXACT,0.005,0.24167147367311115,0.7583285263268889,-0.5146789249555805,0.05426056143070703,0.9566541639640148,0.007142461657715519,0.9905824292952153,0.9733227169367393,67844,645,89660,3074,7.142461657715519,0.9618009532135706,0.006599856043408449
1,URL_DAPT,0.25,DOMAIN_TEMPLATE_OOD_EXACT,0.005,0.31033198601208045,0.6896680139879195,-0.3223707986989566,0.10997067448680342,0.9601445608962775,0.012878787878787878,0.9921278661587871,0.9758742286218043,66418,527,40393,2757,12.878787878787879,0.9633682688832671,0.011779081133919844
1,URL_DAPT,0.25,LATE_TEST_Q4,0.005,0.36140560875512995,0.63859439124487,-0.28656364658936617,-0.09528851244044473,0.9612469535874019,0.013763896241397565,0.9963910943312421,0.9785035645642781,35892,130,9315,1447,13.763896241397564,0.9641125900532955,0.014716781365802012
1,URL_DAPT,0.5,OFFICIAL_TEST,0.005,0.24905390931810067,0.7509460906818993,-0.505208333333329,0.05478851632697793,0.9561328125,0.007210168748630287,0.9911187895639029,0.9733115071343836,73431,658,90602,3369,7.210168748630287,0.9611848958333333,0.006662283585360508
1,URL_DAPT,0.5,DOMAIN_OOD_EXACT,0.005,0.31580354909116004,0.68419645090884,-0.32641703789915155,0.11174270028664421,0.959224625757515,0.013117621337997376,0.9925252273576679,0.9755908404424671,71703,540,40626,3048,13.117621337997376,0.9624887961365065,0.012000194335130934
1,URL_DAPT,0.5,TEMPLATE_OOD_EXACT,0.005,0.24167147367311115,0.7583285263268889,-0.5146789249555805,0.05426056143070703,0.9566541639640148,0.007142461657715519,0.9905824292952153,0.9733227169367393,67844,645,89660,3074,7.142461657715519,0.9618009532135706,0.006599856043408449
1,URL_DAPT,0.5,DOMAIN_TEMPLATE_OOD_EXACT,0.005,0.31033198601208045,0.6896680139879195,-0.3223707986989566,0.10997067448680342,0.9601445608962775,0.012878787878787878,0.9921278661587871,0.9758742286218043,66418,527,40393,2757,12.878787878787879,0.9633682688832671,0.011779081133919844
1,URL_DAPT,0.5,LATE_TEST_Q4,0.005,0.36140560875512995,0.63859439124487,-0.28656364658936617,-0.09528851244044473,0.9612469535874019,0.013763896241397565,0.9963910943312421,0.9785035645642781,35892,130,9315,1447,13.763896241397564,0.9641125900532955,0.014716781365802012
1,URL_DAPT,1.0,OFFICIAL_TEST,0.005,0.24905390931810067,0.7509460906818993,-0.505208333333329,0.05478851632697793,0.9561328125,0.007210168748630287,0.9911187895639029,0.9733115071343836,73431,658,90602,3369,7.210168748630287,0.9611848958333333,0.006662283585360508
1,URL_DAPT,1.0,DOMAIN_OOD_EXACT,0.005,0.31580354909116004,0.68419645090884,-0.32641703789915155,0.11174270028664421,0.959224625757515,0.013117621337997376,0.9925252273576679,0.9755908404424671,71703,540,40626,3048,13.117621337997376,0.9624887961365065,0.012000194335130934
1,URL_DAPT,1.0,TEMPLATE_OOD_EXACT,0.005,0.24167147367311115,0.7583285263268889,-0.5146789249555805,0.05426056143070703,0.9566541639640148,0.007142461657715519,0.9905824292952153,0.9733227169367393,67844,645,89660,3074,7.142461657715519,0.9618009532135706,0.006599856043408449
1,URL_DAPT,1.0,DOMAIN_TEMPLATE_OOD_EXACT,0.005,0.31033198601208045,0.6896680139879195,-0.3223707986989566,0.10997067448680342,0.9601445608962775,0.012878787878787878,0.9921278661587871,0.9758742286218043,66418,527,40393,2757,12.878787878787879,0.9633682688832671,0.011779081133919844
1,URL_DAPT,1.0,LATE_TEST_Q4,0.005,0.36140560875512995,0.63859439124487,-0.28656364658936617,-0.09528851244044473,0.9612469535874019,0.013763896241397565,0.9963910943312421,0.9785035645642781,35892,130,9315,1447,13.763896241397564,0.9641125900532955,0.014716781365802012
1,URL_DAPT,2.0,OFFICIAL_TEST,0.005,0.19831012733547543,0.8016898726645245,-1.5247395833333344,-0.004383081306158151,0.9459375,0.0066184527722989266,0.9917544913449462,0.9683043211686615,72648,604,90656,4152,6.618452772298927,0.9611848958333333,0.006662283585360508
1,URL_DAPT,2.0,DOMAIN_OOD_EXACT,0.005,0.2625758085526713,0.7374241914473287,-1.245468288049656,0.0024291891366661975,0.95003411325601,0.012024486226497596,0.9930779880018459,0.9710792960577593,71016,495,40671,3735,12.024486226497595,0.9624887961365065,0.012000194335130934
1,URL_DAPT,2.0,TEMPLATE_OOD_EXACT,0.005,0.19102113222058886,0.8089788677794112,-1.5087847937054089,-0.004429433586180132,0.9467131052765165,0.006555561707546648,0.9912595414212104,0.9684743488954122,67139,592,89713,3779,6.555561707546648,0.9618009532135706,0.006599856043408449
1,URL_DAPT,2.0,DOMAIN_TEMPLATE_OOD_EXACT,0.005,0.25607884100095374,0.7439211589990462,-1.215757137694251,0.0024437927663732706,0.9512106975063246,0.011803519061583577,0.9927130636814869,0.9715188471703406,65800,483,40437,3375,11.803519061583577,0.9633682688832671,0.011779081133919844
1,URL_DAPT,2.0,LATE_TEST_Q4,0.005,0.3319938440492476,0.6680061559507524,-1.1917833900211616,-0.2646903123345685,0.9521947561530839,0.012069878242456327,0.9968038577997084,0.973988795594943,35554,114,9331,1785,12.069878242456326,0.9641125900532955,0.014716781365802012
2,URL_BASE,0.25,OFFICIAL_TEST,0.005,0.4011543496370344,0.5988456503629656,-0.12109375000000089,0.09204470742932283,0.9599739583333333,0.007582730659653736,0.9907011744470424,0.975095557407187,73726,692,90568,3074,7.582730659653737,0.9611848958333333,0.006662283585360508
2,URL_BASE,0.25,DOMAIN_OOD_EXACT,0.005,0.45310868983841884,0.5468913101615811,-0.10568420489357466,0.18218918524996341,0.9614319540875708,0.013822086187630568,0.9921448983254414,0.9765470011142213,71868,569,40597,2883,13.822086187630568,0.9624887961365065,0.012000194335130934
2,URL_BASE,0.25,TEMPLATE_OOD_EXACT,0.005,0.39661214590970273,0.6033878540902973,-0.11703657745565366,0.09191074691323846,0.9606305874390141,0.007518963512540834,0.9901315311387254,0.9751579911682401,68126,679,89626,2792,7.518963512540833,0.9618009532135706,0.006599856043408449
2,URL_BASE,0.25,DOMAIN_TEMPLATE_OOD_EXACT,0.005,0.4523184522457877,0.5476815477542123,-0.09974701843151745,0.18084066471163243,0.9623707986989519,0.013587487781036169,0.9917173161720891,0.9768236942693851,66572,556,40364,2603,13.587487781036168,0.9633682688832671,0.011779081133919844
2,URL_BASE,0.25,LATE_TEST_Q4,0.005,0.4487859097127223,0.5512140902872777,-0.12319558638421713,0.14822657490735844,0.9628806341894534,0.016199047114875596,0.9957624771506121,0.9790455442848389,35953,153,9292,1386,16.199047114875597,0.9641125900532955,0.014716781365802012
2,URL_BASE,0.5,OFFICIAL_TEST,0.005,0.32511007973342854,0.6748899202665715,-0.398437500000004,0.1161516546131931,0.9572005208333333,0.007823800131492439,0.9903808587171784,0.9735080482297866,73513,714,90546,3287,7.823800131492439,0.9611848958333333,0.006662283585360508
2,URL_BASE,0.5,DOMAIN_OOD_EXACT,0.005,0.3824891948549393,0.6175108051450606,-0.3357814611175791,0.228343778846621,0.9591309815253307,0.014283632123597144,0.9918654197332744,0.9752235862209678,71696,588,40578,3055,14.283632123597144,0.9624887961365065,0.012000194335130934
2,URL_BASE,0.5,TEMPLATE_OOD_EXACT,0.005,0.31950776254008423,0.6804922374599158,-0.403282664485749,0.11737999003377442,0.9577681265687131,0.007773655943746193,0.9897704918032787,0.9735063743792236,67923,702,89603,2995,7.773655943746193,0.9618009532135706,0.006599856043408449
2,URL_BASE,0.5,DOMAIN_TEMPLATE_OOD_EXACT,0.005,0.3803714973432036,0.6196285026567965,-0.33393567040115313,0.22971652003910062,0.9600289121792556,0.01407624633431085,0.9914011883080046,0.975462871159877,66410,576,40344,2765,14.07624633431085,0.9633682688832671,0.011779081133919844
2,URL_BASE,0.5,LATE_TEST_Q4,0.005,0.394515218878249,0.605484781121751,-0.35887409946705473,0.14822657490735844,0.960523849058625,0.016199047114875596,0.995752123938031,0.9778207941982361,35865,153,9292,1474,16.199047114875597,0.9641125900532955,0.014716781365802012
2,URL_BASE,1.0,OFFICIAL_TEST,0.005,0.32511007973342854,0.6748899202665715,-0.398437500000004,0.1161516546131931,0.9572005208333333,0.007823800131492439,0.9903808587171784,0.9735080482297866,73513,714,90546,3287,7.823800131492439,0.9611848958333333,0.006662283585360508
2,URL_BASE,1.0,DOMAIN_OOD_EXACT,0.005,0.3824891948549393,0.6175108051450606,-0.3357814611175791,0.228343778846621,0.9591309815253307,0.014283632123597144,0.9918654197332744,0.9752235862209678,71696,588,40578,3055,14.283632123597144,0.9624887961365065,0.012000194335130934
2,URL_BASE,1.0,TEMPLATE_OOD_EXACT,0.005,0.31950776254008423,0.6804922374599158,-0.403282664485749,0.11737999003377442,0.9577681265687131,0.007773655943746193,0.9897704918032787,0.9735063743792236,67923,702,89603,2995,7.773655943746193,0.9618009532135706,0.006599856043408449
2,URL_BASE,1.0,DOMAIN_TEMPLATE_OOD_EXACT,0.005,0.3803714973432036,0.6196285026567965,-0.33393567040115313,0.22971652003910062,0.9600289121792556,0.01407624633431085,0.9914011883080046,0.975462871159877,66410,576,40344,2765,14.07624633431085,0.9633682688832671,0.011779081133919844
2,URL_BASE,1.0,LATE_TEST_Q4,0.005,0.394515218878249,0.605484781121751,-0.35887409946705473,0.14822657490735844,0.960523849058625,0.016199047114875596,0.995752123938031,0.9778207941982361,35865,153,9292,1474,16.199047114875597,0.9641125900532955,0.014716781365802012
2,URL_BASE,2.0,OFFICIAL_TEST,0.005,0.2570867547304534,0.7429132452695466,-1.384114583333329,0.06684198991891302,0.94734375,0.007330703484549638,0.9908886618998979,0.9686270594108838,72756,669,90591,4044,7.330703484549638,0.9611848958333333,0.006662283585360508
2,URL_BASE,2.0,DOMAIN_OOD_EXACT,0.005,0.3231363820664786,0.6768636179335215,-1.201321721448545,0.14575134819997082,0.9504755789220211,0.013457707817130642,0.9922628940128206,0.9709198245350315,71049,554,40612,3702,13.457707817130641,0.9624887961365065,0.012000194335130934
2,URL_BASE,2.0,TEMPLATE_OOD_EXACT,0.005,0.2505659862426577,0.7494340137573423,-1.4072590879607438,0.0675488621892476,0.9477283623339632,0.007275344665300925,0.990319443625862,0.9685559062153244,67211,657,89648,3707,7.275344665300925,0.9618009532135706,0.006599856043408449
2,URL_BASE,2.0,DOMAIN_TEMPLATE_OOD_EXACT,0.005,0.3190517280530451,0.6809482719469548,-1.214311528731482,0.14662756598240456,0.9512251535959523,0.01324535679374389,0.9918303362826523,0.9711034696497882,65801,542,40378,3374,13.24535679374389,0.9633682688832671,0.011779081133919844
2,URL_BASE,2.0,LATE_TEST_Q4,0.005,0.35713064295485636,0.6428693570451436,-1.3256916360909532,-0.04235044997353103,0.950855673692386,0.014293276866066702,0.9962120149274671,0.9730055633204526,35504,135,9310,1835,14.293276866066702,0.9641125900532955,0.014716781365802012
2,URL_DAPT,0.25,OFFICIAL_TEST,0.005,0.21081756515530167,0.7891824348446983,-0.5429687499999947,0.12710935787858865,0.9557552083333334,0.007933377164146395,0.9902328467744111,0.9726886023614222,73402,724,90536,3398,7.933377164146394,0.9611848958333333,0.006662283585360508
2,URL_DAPT,0.25,DOMAIN_OOD_EXACT,0.005,0.26738959772940984,0.7326104022705902,-0.391968000428089,0.23806053539328562,0.9585691161322256,0.01438079968906379,0.991805774714171,0.9749042497465934,71654,592,40574,3097,14.38079968906379,0.9624887961365065,0.012000194335130934
2,URL_DAPT,0.25,TEMPLATE_OOD_EXACT,0.005,0.2061988674072558,0.7938011325927442,-0.5457006683775689,0.12623885720613484,0.9563439465297949,0.007862244615469798,0.9896398762621841,0.972707063463607,67822,710,89595,3096,7.862244615469797,0.9618009532135706,0.006599856043408449
2,URL_DAPT,0.25,DOMAIN_TEMPLATE_OOD_EXACT,0.005,0.26500749352831643,0.7349925064716836,-0.3830863751355329,0.23704789833822076,0.9595374051319118,0.014149560117302052,0.9913524008662534,0.9751854844633806,66376,579,40341,2799,14.149560117302052,0.9633682688832671,0.011779081133919844
2,URL_DAPT,0.25,LATE_TEST_Q4,0.005,0.3026675786593707,0.6973324213406293,-0.26781649213959424,0.0,0.9614344251318996,0.014716781365802012,0.9961429602086687,0.9784809954072802,35899,139,9306,1440,14.716781365802012,0.9641125900532955,0.014716781365802012
2,URL_DAPT,0.5,OFFICIAL_TEST,0.005,0.21081756515530167,0.7891824348446983,-0.5429687499999947,0.12710935787858865,0.9557552083333334,0.007933377164146395,0.9902328467744111,0.9726886023614222,73402,724,90536,3398,7.933377164146394,0.9611848958333333,0.006662283585360508
2,URL_DAPT,0.5,DOMAIN_OOD_EXACT,0.005,0.26738959772940984,0.7326104022705902,-0.391968000428089,0.23806053539328562,0.9585691161322256,0.01438079968906379,0.991805774714171,0.9749042497465934,71654,592,40574,3097,14.38079968906379,0.9624887961365065,0.012000194335130934
2,URL_DAPT,0.5,TEMPLATE_OOD_EXACT,0.005,0.2061988674072558,0.7938011325927442,-0.5457006683775689,0.12623885720613484,0.9563439465297949,0.007862244615469798,0.9896398762621841,0.972707063463607,67822,710,89595,3096,7.862244615469797,0.9618009532135706,0.006599856043408449
2,URL_DAPT,0.5,DOMAIN_TEMPLATE_OOD_EXACT,0.005,0.26500749352831643,0.7349925064716836,-0.3830863751355329,0.23704789833822076,0.9595374051319118,0.014149560117302052,0.9913524008662534,0.9751854844633806,66376,579,40341,2799,14.149560117302052,0.9633682688832671,0.011779081133919844
2,URL_DAPT,0.5,LATE_TEST_Q4,0.005,0.3026675786593707,0.6973324213406293,-0.26781649213959424,0.0,0.9614344251318996,0.014716781365802012,0.9961429602086687,0.9784809954072802,35899,139,9306,1440,14.716781365802012,0.9641125900532955,0.014716781365802012
2,URL_DAPT,1.0,OFFICIAL_TEST,0.005,0.21081756515530167,0.7891824348446983,-0.5429687499999947,0.12710935787858865,0.9557552083333334,0.007933377164146395,0.9902328467744111,0.9726886023614222,73402,724,90536,3398,7.933377164146394,0.9611848958333333,0.006662283585360508
2,URL_DAPT,1.0,DOMAIN_OOD_EXACT,0.005,0.26738959772940984,0.7326104022705902,-0.391968000428089,0.23806053539328562,0.9585691161322256,0.01438079968906379,0.991805774714171,0.9749042497465934,71654,592,40574,3097,14.38079968906379,0.9624887961365065,0.012000194335130934
2,URL_DAPT,1.0,TEMPLATE_OOD_EXACT,0.005,0.2061988674072558,0.7938011325927442,-0.5457006683775689,0.12623885720613484,0.9563439465297949,0.007862244615469798,0.9896398762621841,0.972707063463607,67822,710,89595,3096,7.862244615469797,0.9618009532135706,0.006599856043408449
2,URL_DAPT,1.0,DOMAIN_TEMPLATE_OOD_EXACT,0.005,0.26500749352831643,0.7349925064716836,-0.3830863751355329,0.23704789833822076,0.9595374051319118,0.014149560117302052,0.9913524008662534,0.9751854844633806,66376,579,40341,2799,14.149560117302052,0.9633682688832671,0.011779081133919844
2,URL_DAPT,1.0,LATE_TEST_Q4,0.005,0.3026675786593707,0.6973324213406293,-0.26781649213959424,0.0,0.9614344251318996,0.014716781365802012,0.9961429602086687,0.9784809954072802,35899,139,9306,1440,14.716781365802012,0.9641125900532955,0.014716781365802012
2,URL_DAPT,2.0,OFFICIAL_TEST,0.005,0.17639533499940496,0.823604665000595,-1.2968749999999973,0.08327854481700635,0.9482161458333334,0.007495069033530572,0.9906947637639952,0.9689901335267154,72823,684,90576,3977,7.495069033530571,0.9611848958333333,0.006662283585360508
2,URL_DAPT,2.0,DOMAIN_OOD_EXACT,0.005,0.23120853714295572,0.7687914628570442,-1.0822597691000801,0.15789729388330162,0.9516661984455057,0.01357916727396395,0.9922032999986052,0.9715120725445209,71138,559,40607,3613,13.57916727396395,0.9624887961365065,0.012000194335130934
2,URL_DAPT,2.0,TEMPLATE_OOD_EXACT,0.005,0.17183032197639295,0.8281696780236071,-1.2930426689980012,0.0819445213443331,0.9488705265235906,0.00741930125685178,0.9901415496895324,0.9690668202764977,67292,670,89635,3626,7.41930125685178,0.9618009532135706,0.006599856043408449
2,URL_DAPT,2.0,DOMAIN_TEMPLATE_OOD_EXACT,0.005,0.22823016485762296,0.7717698351423771,-1.0625225876400468,0.15640273704789834,0.9527430430068666,0.013343108504398828,0.9917835430084874,0.9718713825418244,65906,546,40374,3269,13.343108504398828,0.9633682688832671,0.011779081133919844
2,URL_DAPT,2.0,LATE_TEST_Q4,0.005,0.281656121751026,0.7183438782489739,-0.8811162591392474,-0.12705134992059292,0.955301427461903,0.013446267866596083,0.9964522166662011,0.9754430102822139,35670,127,9318,1669,13.446267866596083,0.9641125900532955,0.014716781365802012
3,URL_BASE,0.25,OFFICIAL_TEST,0.005,0.5948708794478162,0.40512912055218375,-0.09375000000000355,-0.006574621959237314,0.9602473958333333,0.006596537365768135,0.9919030518231583,0.9758185631396834,73747,602,90658,3053,6.5965373657681345,0.9611848958333333,0.006662283585360508
3,URL_BASE,0.25,DOMAIN_OOD_EXACT,0.005,0.7026838168689666,0.29731618313103336,-0.07357761100185156,-0.014575134819997185,0.961753020026488,0.011854442986930962,0.9932578060237635,0.9772515649319314,71892,488,40678,2859,11.854442986930962,0.9624887961365065,0.012000194335130934
3,URL_BASE,0.25,TEMPLATE_OOD_EXACT,0.005,0.5853321176258971,0.4146678823741029,-0.10011562649820949,-0.006644150379270242,0.9607997969485885,0.006533414539615747,0.9914154347573042,0.9758675508070407,68138,590,89715,2780,6.533414539615746,0.9618009532135706,0.006599856043408449
3,URL_BASE,0.25,DOMAIN_TEMPLATE_OOD_EXACT,0.005,0.6965802261683092,0.30341977383169083,-0.07806288398988226,-0.014662756598240491,0.9625876400433683,0.01163245356793744,0.9929021964421514,0.9775099458300915,66587,476,40444,2588,11.63245356793744,0.9633682688832671,0.011779081133919844
3,URL_BASE,0.25,LATE_TEST_Q4,0.005,0.7254403214774282,0.2745596785225718,-0.07231045287768856,-0.010587612493382845,0.9633894855245186,0.014610905240868183,0.9961783439490446,0.9795095916894716,35972,138,9307,1367,14.610905240868183,0.9641125900532955,0.014716781365802012
3,URL_BASE,0.5,OFFICIAL_TEST,0.005,0.5,0.5,-0.4192708333333295,-0.036160420775805356,0.9569921875,0.0063006793776024545,0.992237282643914,0.9742960920515403,73497,575,90685,3303,6.300679377602455,0.9611848958333333,0.006662283585360508
3,URL_BASE,0.5,DOMAIN_OOD_EXACT,0.005,0.6303993374569735,0.3696006625430265,-0.3277548126446428,-0.06801729582665318,0.9592112480100601,0.011320021376864402,0.9935428444740051,0.9760752523499343,71702,466,40700,3049,11.320021376864402,0.9624887961365065,0.012000194335130934
3,URL_BASE,0.5,TEMPLATE_OOD_EXACT,0.005,0.4874428586492002,0.5125571413507999,-0.43289432866127076,-0.03543546868944132,0.9574720099269579,0.006245501356514036,0.9917623345894313,0.9743155598920966,67902,564,89741,3016,6.245501356514036,0.9618009532135706,0.006599856043408449
3,URL_BASE,0.5,DOMAIN_TEMPLATE_OOD_EXACT,0.005,0.6209818792860711,0.37901812071392893,-0.33393567040115313,-0.06598240469208212,0.9600289121792556,0.011119257086999023,0.9931952441486578,0.9763304910320495,66410,455,40465,2765,11.119257086999022,0.9633682688832671,0.011779081133919844
3,URL_BASE,0.5,LATE_TEST_Q4,0.005,0.6868801299589603,0.3131198700410397,-0.3401269450172828,-0.16940179989412396,0.9607113206031227,0.013022763366860772,0.9965828587303792,0.9783183789238279,35872,123,9322,1467,13.022763366860772,0.9641125900532955,0.014716781365802012
3,URL_BASE,1.0,OFFICIAL_TEST,0.005,0.5,0.5,-0.4192708333333295,-0.036160420775805356,0.9569921875,0.0063006793776024545,0.992237282643914,0.9742960920515403,73497,575,90685,3303,6.300679377602455,0.9611848958333333,0.006662283585360508
3,URL_BASE,1.0,DOMAIN_OOD_EXACT,0.005,0.6303993374569735,0.3696006625430265,-0.3277548126446428,-0.06801729582665318,0.9592112480100601,0.011320021376864402,0.9935428444740051,0.9760752523499343,71702,466,40700,3049,11.320021376864402,0.9624887961365065,0.012000194335130934
3,URL_BASE,1.0,TEMPLATE_OOD_EXACT,0.005,0.4874428586492002,0.5125571413507999,-0.43289432866127076,-0.03543546868944132,0.9574720099269579,0.006245501356514036,0.9917623345894313,0.9743155598920966,67902,564,89741,3016,6.245501356514036,0.9618009532135706,0.006599856043408449
3,URL_BASE,1.0,DOMAIN_TEMPLATE_OOD_EXACT,0.005,0.6209818792860711,0.37901812071392893,-0.33393567040115313,-0.06598240469208212,0.9600289121792556,0.011119257086999023,0.9931952441486578,0.9763304910320495,66410,455,40465,2765,11.119257086999022,0.9633682688832671,0.011779081133919844
3,URL_BASE,1.0,LATE_TEST_Q4,0.005,0.6868801299589603,0.3131198700410397,-0.3401269450172828,-0.16940179989412396,0.9607113206031227,0.013022763366860772,0.9965828587303792,0.9783183789238279,35872,123,9322,1467,13.022763366860772,0.9641125900532955,0.014716781365802012
3,URL_BASE,2.0,OFFICIAL_TEST,0.005,0.2737712721647031,0.7262287278352969,-1.3072916666666656,0.004383081306158238,0.9481119791666667,0.0067061143984220905,0.9916651912784126,0.9693996418752954,72815,612,90648,3985,6.70611439842209,0.9611848958333333,0.006662283585360508
3,URL_BASE,2.0,DOMAIN_OOD_EXACT,0.005,0.3458595374276422,0.6541404625723578,-1.0648686974087274,0.03886702618665881,0.9518401091624192,0.012388864596997522,0.9928831582032067,0.971928530448324,71151,510,40656,3600,12.388864596997522,0.9624887961365065,0.012000194335130934
3,URL_BASE,2.0,TEMPLATE_OOD_EXACT,0.005,0.2670896832337818,0.7329103167662182,-1.317014016187712,0.004429433586180219,0.9486308130516935,0.006644150379270251,0.9911602209944751,0.969429293984567,67275,600,89705,3643,6.644150379270251,0.9618009532135706,0.006599856043408449
3,URL_BASE,2.0,DOMAIN_TEMPLATE_OOD_EXACT,0.005,0.34200463236295925,0.6579953676370407,-1.0567401517889485,0.039100684261974585,0.9528008673653776,0.01217008797653959,0.9925009035056017,0.9722457830258956,65910,498,40422,3265,12.17008797653959,0.9633682688832671,0.011779081133919844
3,URL_BASE,2.0,LATE_TEST_Q4,0.005,0.3892142612859097,0.6107857387140903,-1.1891052250997625,-0.2752779248279514,0.9522215378022979,0.011964002117522498,0.9968318941347987,0.9740161902283343,35555,113,9332,1784,11.964002117522499,0.9641125900532955,0.014716781365802012
3,URL_DAPT,0.25,OFFICIAL_TEST,0.005,0.34361537546114485,0.6563846245388552,-0.22265624999999734,0.013149243918474714,0.9589583333333334,0.006793776024545255,0.9916518554424517,0.9750311118171949,73648,620,90640,3152,6.793776024545255,0.9611848958333333,0.006662283585360508
3,URL_DAPT,0.25,DOMAIN_OOD_EXACT,0.005,0.4201281951741332,0.5798718048258669,-0.09765755642064944,0.026721080503328,0.9615122205723,0.012267405140164214,0.9930228381160281,0.9770135254536804,71874,505,40661,2877,12.267405140164215,0.9624887961365065,0.012000194335130934
3,URL_DAPT,0.25,TEMPLATE_OOD_EXACT,0.005,0.3346296744261055,0.6653703255738945,-0.24535378888294046,0.013288300758540483,0.9593474153247412,0.006732739050993854,0.9911425782672669,0.9749858484820257,68035,608,89697,2883,6.732739050993854,0.9618009532135706,0.006599856043408449
3,URL_DAPT,0.25,DOMAIN_TEMPLATE_OOD_EXACT,0.005,0.4133339388709751,0.5866660611290249,-0.10986628117094499,0.026881720430107538,0.9622696060715576,0.01204789833822092,0.9926481553282234,0.9772228461532816,66565,493,40427,2610,12.04789833822092,0.9633682688832671,0.011779081133919844
3,URL_DAPT,0.25,LATE_TEST_Q4,0.005,0.4583404582763338,0.5416595417236663,-0.042850638742342184,0.0,0.9636840836658721,0.014716781365802012,0.9961519295720059,0.9796490654905323,35983,139,9306,1356,14.716781365802012,0.9641125900532955,0.014716781365802012
3,URL_DAPT,0.5,OFFICIAL_TEST,0.005,0.28330358205402834,0.7166964179459716,-0.5963541666666683,-0.014245014245014165,0.9552213541666666,0.006519833442910366,0.9919546757531505,0.9732415293586988,73361,595,90665,3439,6.519833442910366,0.9611848958333333,0.006662283585360508
3,URL_DAPT,0.5,DOMAIN_OOD_EXACT,0.005,0.36729729030254404,0.632702709697456,-0.4200612700833384,-0.026721080503328,0.9582881834356731,0.011732983530097654,0.9933024571523656,0.9754812177003683,71633,483,40683,3118,11.732983530097654,0.9624887961365065,0.012000194335130934
3,URL_DAPT,0.5,TEMPLATE_OOD_EXACT,0.005,0.27321163853792574,0.7267883614620743,-0.6063340759750679,-0.013288300758540483,0.9557376124538199,0.006466973035823044,0.9914573672893232,0.9732698645184914,67779,584,89721,3139,6.466973035823044,0.9618009532135706,0.006599856043408449
3,URL_DAPT,0.5,DOMAIN_TEMPLATE_OOD_EXACT,0.005,0.35874472046868616,0.6412552795313138,-0.41488977231659563,-0.024437927663734094,0.9592193711601011,0.011534701857282503,0.9929368808547572,0.975786942743068,66354,472,40448,2821,11.534701857282503,0.9633682688832671,0.011779081133919844
3,URL_DAPT,0.5,LATE_TEST_Q4,0.005,0.43040355677154585,0.5695964432284542,-0.32405795548889893,-0.1588141874007411,0.9608720104984065,0.0131286394917946,0.9965557469029498,0.9783886230075947,35878,124,9321,1461,13.128639491794601,0.9641125900532955,0.014716781365802012
3,URL_DAPT,1.0,OFFICIAL_TEST,0.005,0.24041413780792575,0.7595858621920742,-1.4752604166666683,-0.06136313828621516,0.9464322916666666,0.0060486522024983565,0.992462929080532,0.9689012116930377,72686,552,90708,4114,6.0486522024983564,0.9611848958333333,0.006662283585360508
3,URL_DAPT,1.0,DOMAIN_OOD_EXACT,0.005,0.3225325017038053,0.6774674982961947,-1.2106861446669615,-0.106884322013312,0.9503819346898369,0.010931351114997814,0.9937055894365803,0.971561031981018,71042,450,40716,3709,10.931351114997813,0.9624887961365065,0.012000194335130934
3,URL_DAPT,1.0,TEMPLATE_OOD_EXACT,0.005,0.23035795140891807,0.769642048591082,-1.462252178572443,-0.06090471180997727,0.9471784314278462,0.005990808925308676,0.9920103968218806,0.9690761806522351,67172,541,89764,3746,5.990808925308676,0.9618009532135706,0.006599856043408449
3,URL_DAPT,1.0,DOMAIN_TEMPLATE_OOD_EXACT,0.005,0.313247649757028,0.686752350242972,-1.1825081315504193,-0.10508308895405671,0.9515431875677629,0.010728250244379277,0.9933747849446138,0.9720091260143093,65823,439,40481,3352,10.728250244379277,0.9633682688832671,0.011779081133919844
3,URL_DAPT,1.0,LATE_TEST_Q4,0.005,0.40468963748290016,0.5953103625170999,-1.0712659685583437,-0.2964531498147169,0.9533999303677121,0.011752249867654843,0.9968916269952395,0.9746608440909528,35599,111,9334,1740,11.752249867654843,0.9641125900532955,0.014716781365802012
3,URL_DAPT,2.0,OFFICIAL_TEST,0.005,0.24041413780792575,0.7595858621920742,-1.4752604166666683,-0.06136313828621516,0.9464322916666666,0.0060486522024983565,0.992462929080532,0.9689012116930377,72686,552,90708,4114,6.0486522024983564,0.9611848958333333,0.006662283585360508
3,URL_DAPT,2.0,DOMAIN_OOD_EXACT,0.005,0.3225325017038053,0.6774674982961947,-1.2106861446669615,-0.106884322013312,0.9503819346898369,0.010931351114997814,0.9937055894365803,0.971561031981018,71042,450,40716,3709,10.931351114997813,0.9624887961365065,0.012000194335130934
3,URL_DAPT,2.0,TEMPLATE_OOD_EXACT,0.005,0.23035795140891807,0.769642048591082,-1.462252178572443,-0.06090471180997727,0.9471784314278462,0.005990808925308676,0.9920103968218806,0.9690761806522351,67172,541,89764,3746,5.990808925308676,0.9618009532135706,0.006599856043408449
3,URL_DAPT,2.0,DOMAIN_TEMPLATE_OOD_EXACT,0.005,0.313247649757028,0.686752350242972,-1.1825081315504193,-0.10508308895405671,0.9515431875677629,0.010728250244379277,0.9933747849446138,0.9720091260143093,65823,439,40481,3352,10.728250244379277,0.9633682688832671,0.011779081133919844
3,URL_DAPT,2.0,LATE_TEST_Q4,0.005,0.40468963748290016,0.5953103625170999,-1.0712659685583437,-0.2964531498147169,0.9533999303677121,0.011752249867654843,0.9968916269952395,0.9746608440909528,35599,111,9334,1740,11.752249867654843,0.9641125900532955,0.014716781365802012
4,URL_BASE,0.25,OFFICIAL_TEST,0.005,0.4367606807092705,0.5632393192907295,-0.13671874999999778,0.04273504273504276,0.9598177083333334,0.007089634012710936,0.9912992025389653,0.9753044766838006,73714,647,90613,3086,7.089634012710936,0.9611848958333333,0.006662283585360508
4,URL_BASE,0.25,DOMAIN_OOD_EXACT,0.005,0.5021265215628424,0.49787347843715757,-0.11906195234846484,0.08745080891998241,0.9612981766130219,0.012874702424330758,0.9926783444769851,0.9767362833783021,71858,530,40636,2893,12.874702424330758,0.9624887961365065,0.012000194335130934
4,URL_BASE,0.25,TEMPLATE_OOD_EXACT,0.005,0.4321653858320463,0.5678346141679538,-0.1367776869060089,0.04207961906871156,0.9604331763445105,0.007020652234095565,0.9907776452448143,0.975369458128079,68112,634,89671,2806,7.020652234095564,0.9618009532135706,0.006599856043408449
4,URL_BASE,0.25,DOMAIN_TEMPLATE_OOD_EXACT,0.005,0.5016122439711158,0.4983877560288842,-0.11709432598482339,0.08553274682306933,0.9621973256234189,0.012634408602150538,0.9922924400316054,0.9770131814578867,66560,517,40403,2615,12.634408602150538,0.9633682688832671,0.011779081133919844
4,URL_BASE,0.25,LATE_TEST_Q4,0.005,0.5079086867305062,0.49209131326949385,-0.1178392565414188,0.11646373742721025,0.9629341974878813,0.015881418740074114,0.9958454507685917,0.9791133380534829,35955,150,9295,1384,15.881418740074114,0.9641125900532955,0.014716781365802012
4,URL_BASE,0.5,OFFICIAL_TEST,0.005,0.37837677020111865,0.6216232297988813,-0.41796874999999734,0.017532325224632953,0.9570052083333334,0.006837606837606838,0.9915814468039179,0.973986562595248,73498,624,90636,3302,6.837606837606837,0.9611848958333333,0.006662283585360508
4,URL_BASE,0.5,DOMAIN_OOD_EXACT,0.005,0.45533442031798615,0.5446655796820139,-0.37190137924576483,0.04372540445999121,0.9587697823440489,0.012437448379730846,0.9929067206051454,0.9755397054419731,71669,512,40654,3082,12.437448379730846,0.9624887961365065,0.012000194335130934
4,URL_BASE,0.5,TEMPLATE_OOD_EXACT,0.005,0.37211191951520567,0.6278880804847944,-0.4159733777038266,0.017717734344720702,0.9576412194365324,0.006777033386855656,0.9910690832676649,0.9740684432460343,67914,612,89693,3004,6.777033386855656,0.9618009532135706,0.006599856043408449
4,URL_BASE,0.5,DOMAIN_TEMPLATE_OOD_EXACT,0.005,0.45278168854171397,0.547218311458286,-0.36429345861944684,0.0439882697947213,0.9597253342970726,0.012218963831867057,0.9925249293605825,0.9758496001881467,66389,500,40420,2786,12.218963831867057,0.9633682688832671,0.011779081133919844
4,URL_BASE,0.5,LATE_TEST_Q4,0.005,0.48354138166894667,0.5164586183310533,-0.3883339136024011,0.03176283748014819,0.9602292509172715,0.015034409740603494,0.9960551172352483,0.977814140587714,35854,142,9303,1485,15.034409740603493,0.9641125900532955,0.014716781365802012
4,URL_BASE,1.0,OFFICIAL_TEST,0.005,0.317529453766512,0.682470546233488,-1.187499999999997,-0.023011176857330642,0.9493098958333334,0.006432171816787202,0.9920129534383759,0.9701917574886556,72907,587,90673,3893,6.432171816787202,0.9611848958333333,0.006662283585360508
4,URL_BASE,1.0,DOMAIN_OOD_EXACT,0.005,0.4025466497580165,0.5974533502419834,-1.0193843560621252,-0.017004323956663382,0.9522949525758853,0.0118301510955643,0.9932051568255386,0.9723199224165602,71185,487,40679,3566,11.8301510955643,0.9624887961365065,0.012000194335130934
4,URL_BASE,1.0,TEMPLATE_OOD_EXACT,0.005,0.3102100816880966,0.6897899183119034,-1.2070278349643249,-0.023254526327445846,0.9497306748639274,0.0063673107801339906,0.9915351548698622,0.9701827924463073,67353,575,89730,3565,6.367310780133991,0.9618009532135706,0.006599856043408449
4,URL_BASE,1.0,DOMAIN_TEMPLATE_OOD_EXACT,0.005,0.39801080884690493,0.601989191153095,-1.0249367546078858,-0.017106549364613935,0.9531189013371882,0.011608015640273705,0.9928471396087761,0.9725774807865352,65932,475,40445,3243,11.608015640273704,0.9633682688832671,0.011779081133919844
4,URL_BASE,1.0,LATE_TEST_Q4,0.005,0.4528043775649795,0.5471956224350205,-1.0444843193443853,-0.16940179989412396,0.9536677468598517,0.013022763366860772,0.9965577073771409,0.9746411024893596,35609,123,9322,1730,13.022763366860772,0.9641125900532955,0.014716781365802012
4,URL_BASE,2.0,OFFICIAL_TEST,0.005,0.317529453766512,0.682470546233488,-1.187499999999997,-0.023011176857330642,0.9493098958333334,0.006432171816787202,0.9920129534383759,0.9701917574886556,72907,587,90673,3893,6.432171816787202,0.9611848958333333,0.006662283585360508
4,URL_BASE,2.0,DOMAIN_OOD_EXACT,0.005,0.4025466497580165,0.5974533502419834,-1.0193843560621252,-0.017004323956663382,0.9522949525758853,0.0118301510955643,0.9932051568255386,0.9723199224165602,71185,487,40679,3566,11.8301510955643,0.9624887961365065,0.012000194335130934
4,URL_BASE,2.0,TEMPLATE_OOD_EXACT,0.005,0.3102100816880966,0.6897899183119034,-1.2070278349643249,-0.023254526327445846,0.9497306748639274,0.0063673107801339906,0.9915351548698622,0.9701827924463073,67353,575,89730,3565,6.367310780133991,0.9618009532135706,0.006599856043408449
4,URL_BASE,2.0,DOMAIN_TEMPLATE_OOD_EXACT,0.005,0.39801080884690493,0.601989191153095,-1.0249367546078858,-0.017106549364613935,0.9531189013371882,0.011608015640273705,0.9928471396087761,0.9725774807865352,65932,475,40445,3243,11.608015640273704,0.9633682688832671,0.011779081133919844
4,URL_BASE,2.0,LATE_TEST_Q4,0.005,0.4528043775649795,0.5471956224350205,-1.0444843193443853,-0.16940179989412396,0.9536677468598517,0.013022763366860772,0.9965577073771409,0.9746411024893596,35609,123,9322,1730,13.022763366860772,0.9641125900532955,0.014716781365802012
4,URL_DAPT,0.25,OFFICIAL_TEST,0.005,0.30510531952873976,0.6948946804712602,-0.4361979166666696,0.004383081306158238,0.9568229166666666,0.0067061143984220905,0.9917404448283308,0.9739688262114303,73484,612,90648,3316,6.70611439842209,0.9611848958333333,0.006662283585360508
4,URL_DAPT,0.25,DOMAIN_OOD_EXACT,0.005,0.39071059464962,0.60928940535038,-0.28762157027999447,0.01700432395666321,0.9596125804337066,0.012170237574697566,0.9930641119709828,0.9760518151635551,71732,501,40665,3019,12.170237574697566,0.9624887961365065,0.012000194335130934
4,URL_DAPT,0.25,TEMPLATE_OOD_EXACT,0.005,0.2949331050780596,0.7050668949219404,-0.4357144871541818,0.004429433586180219,0.9574438083420288,0.006644150379270251,0.9912408759124087,0.9740492619317447,67900,600,89705,3018,6.644150379270251,0.9618009532135706,0.006599856043408449
4,URL_DAPT,0.25,DOMAIN_TEMPLATE_OOD_EXACT,0.005,0.3822426086561606,0.6177573913438394,-0.2746657029273569,0.01710654936461376,0.9606216118539935,0.011950146627565982,0.9926949507021213,0.9763949601439958,66451,489,40431,2724,11.950146627565982,0.9633682688832671,0.011779081133919844
4,URL_DAPT,0.25,LATE_TEST_Q4,0.005,0.44091997264021887,0.5590800273597811,-0.23300034816144954,-0.07411328745367922,0.961782586571681,0.01397564849126522,0.996337809344135,0.9787552975484786,35912,132,9313,1427,13.97564849126522,0.9641125900532955,0.014716781365802012
4,URL_DAPT,0.5,OFFICIAL_TEST,0.005,0.30510531952873976,0.6948946804712602,-0.4361979166666696,0.004383081306158238,0.9568229166666666,0.0067061143984220905,0.9917404448283308,0.9739688262114303,73484,612,90648,3316,6.70611439842209,0.9611848958333333,0.006662283585360508
4,URL_DAPT,0.5,DOMAIN_OOD_EXACT,0.005,0.39071059464962,0.60928940535038,-0.28762157027999447,0.01700432395666321,0.9596125804337066,0.012170237574697566,0.9930641119709828,0.9760518151635551,71732,501,40665,3019,12.170237574697566,0.9624887961365065,0.012000194335130934
4,URL_DAPT,0.5,TEMPLATE_OOD_EXACT,0.005,0.2949331050780596,0.7050668949219404,-0.4357144871541818,0.004429433586180219,0.9574438083420288,0.006644150379270251,0.9912408759124087,0.9740492619317447,67900,600,89705,3018,6.644150379270251,0.9618009532135706,0.006599856043408449
4,URL_DAPT,0.5,DOMAIN_TEMPLATE_OOD_EXACT,0.005,0.3822426086561606,0.6177573913438394,-0.2746657029273569,0.01710654936461376,0.9606216118539935,0.011950146627565982,0.9926949507021213,0.9763949601439958,66451,489,40431,2724,11.950146627565982,0.9633682688832671,0.011779081133919844
4,URL_DAPT,0.5,LATE_TEST_Q4,0.005,0.44091997264021887,0.5590800273597811,-0.23300034816144954,-0.07411328745367922,0.961782586571681,0.01397564849126522,0.996337809344135,0.9787552975484786,35912,132,9313,1427,13.97564849126522,0.9641125900532955,0.014716781365802012
4,URL_DAPT,1.0,OFFICIAL_TEST,0.005,0.2549982149232417,0.7450017850767583,-1.1119791666666656,-0.052596975673898684,0.9500651041666667,0.006136313828621521,0.9923835430125808,0.9707633460834858,72965,560,90700,3835,6.136313828621521,0.9611848958333333,0.006662283585360508
4,URL_DAPT,1.0,DOMAIN_OOD_EXACT,0.005,0.3402261963301328,0.6597738036698673,-0.9056735026956142,-0.08502161978331639,0.9534320611095504,0.01114997813729777,0.9936009145533885,0.9731021299836154,71270,459,40707,3481,11.14997813729777,0.9624887961365065,0.012000194335130934
4,URL_DAPT,1.0,TEMPLATE_OOD_EXACT,0.005,0.2446301086073327,0.7553698913926673,-1.0857610197693157,-0.052045844637616925,0.9509433430158775,0.00607939759703228,0.9919250455962817,0.971001972556981,67439,549,89756,3479,6.07939759703228,0.9618009532135706,0.006599856043408449
4,URL_DAPT,1.0,DOMAIN_TEMPLATE_OOD_EXACT,0.005,0.33048730641718516,0.6695126935828148,-0.8630285507770119,-0.08308895405669606,0.954737983375497,0.010948191593352884,0.9932623473500571,0.9736192294367828,66044,448,40472,3131,10.948191593352883,0.9633682688832671,0.011779081133919844
4,URL_DAPT,1.0,LATE_TEST_Q4,0.005,0.4132609439124487,0.5867390560875513,-0.792736816733175,-0.3176283748014822,0.9561852218859638,0.01154049761778719,0.9969563274879929,0.97614523383139,35703,109,9336,1636,11.54049761778719,0.9641125900532955,0.014716781365802012
4,URL_DAPT,2.0,OFFICIAL_TEST,0.005,0.2549982149232417,0.7450017850767583,-1.1119791666666656,-0.052596975673898684,0.9500651041666667,0.006136313828621521,0.9923835430125808,0.9707633460834858,72965,560,90700,3835,6.136313828621521,0.9611848958333333,0.006662283585360508
4,URL_DAPT,2.0,DOMAIN_OOD_EXACT,0.005,0.3402261963301328,0.6597738036698673,-0.9056735026956142,-0.08502161978331639,0.9534320611095504,0.01114997813729777,0.9936009145533885,0.9731021299836154,71270,459,40707,3481,11.14997813729777,0.9624887961365065,0.012000194335130934
4,URL_DAPT,2.0,TEMPLATE_OOD_EXACT,0.005,0.2446301086073327,0.7553698913926673,-1.0857610197693157,-0.052045844637616925,0.9509433430158775,0.00607939759703228,0.9919250455962817,0.971001972556981,67439,549,89756,3479,6.07939759703228,0.9618009532135706,0.006599856043408449
4,URL_DAPT,2.0,DOMAIN_TEMPLATE_OOD_EXACT,0.005,0.33048730641718516,0.6695126935828148,-0.8630285507770119,-0.08308895405669606,0.954737983375497,0.010948191593352884,0.9932623473500571,0.9736192294367828,66044,448,40472,3131,10.948191593352883,0.9633682688832671,0.011779081133919844
4,URL_DAPT,2.0,LATE_TEST_Q4,0.005,0.4132609439124487,0.5867390560875513,-0.792736816733175,-0.3176283748014822,0.9561852218859638,0.01154049761778719,0.9969563274879929,0.97614523383139,35703,109,9336,1636,11.54049761778719,0.9641125900532955,0.014716781365802012
