run,label_rank_seed,model_seed,budget,variant,sample_hash,n_train,n_test,AP,AUC,P_at_R90,FPR_at_TPR90
0,9101,142,200,R0,c45ef0713c054ecbac4a52c4dd0013f637b9a179a7ee93052100495fbb479953,200,2598,0.8293217267713406,0.8998011227653951,0.6163663663663663,0.30308422301304866
0,9101,142,200,RUT,c45ef0713c054ecbac4a52c4dd0013f637b9a179a7ee93052100495fbb479953,200,2598,0.853195288884666,0.913987872260723,0.659967845659164,0.2508896797153025
0,9101,142,500,R0,2a10fe631824a937300deb2d1c48036edbfe567b8b50e53e88eb31c2d757832c,500,2598,0.8898038295850215,0.9378160704251733,0.7484047402005469,0.16370106761565836
0,9101,142,500,RUT,2a10fe631824a937300deb2d1c48036edbfe567b8b50e53e88eb31c2d757832c,500,2598,0.916699574598267,0.950374992195792,0.7723424270931326,0.1435349940688019
0,9101,142,1000,R0,b3f21c980dcf37d24c0685ebff1541e3bb4b5a88e1fadd721e5988301bb4c2be,1000,2598,0.9160774480926911,0.9540520748787746,0.8112648221343873,0.1132858837485172
0,9101,142,1000,RUT,b3f21c980dcf37d24c0685ebff1541e3bb4b5a88e1fadd721e5988301bb4c2be,1000,2598,0.9417369449817304,0.9664529614368068,0.8534303534303534,0.08362989323843416
0,9101,142,2000,R0,2e7a682bcff1412fa83839d9e6cb13aa108293251bdc87d2351d32bb91a15c17,2000,2598,0.9318813126200157,0.9629326132650725,0.8420512820512821,0.09134045077105575
0,9101,142,2000,RUT,2e7a682bcff1412fa83839d9e6cb13aa108293251bdc87d2351d32bb91a15c17,2000,2598,0.9548073609418005,0.9746968065180746,0.8933623503808488,0.05812574139976275
1,9102,162,200,R0,6cd2c8e7a22e182367360b2404950f6a8ffd05553b65ce64be5c3be907540e87,200,2598,0.8461397807269546,0.9073230786039833,0.6244309559939302,0.29359430604982206
1,9102,162,200,RUT,6cd2c8e7a22e182367360b2404950f6a8ffd05553b65ce64be5c3be907540e87,200,2598,0.8651381623002701,0.9169879398971925,0.6637025060630558,0.24673784104389088
1,9102,162,500,R0,f88ae3b7041e608212541ae0758b47506b6dd9228464885eb92dc2382b38e483,500,2598,0.8829215496606885,0.9364087115772824,0.7343470483005367,0.17615658362989323
1,9102,162,500,RUT,f88ae3b7041e608212541ae0758b47506b6dd9228464885eb92dc2382b38e483,500,2598,0.9174178071179343,0.9534641578739257,0.8072763028515241,0.1162514827995255
1,9102,162,1000,R0,4a212f63b16e6436ee619c696adebceccf7292450a5852bc58d13a900802b533,1000,2598,0.9221393199986333,0.9591586283323968,0.8195413758723828,0.1073546856465006
1,9102,162,1000,RUT,4a212f63b16e6436ee619c696adebceccf7292450a5852bc58d13a900802b533,1000,2598,0.9458352472988494,0.9700162327527002,0.8571428571428571,0.08125741399762752
1,9102,162,2000,R0,8a3d890259eadd13fdab86b458ea6912735d7fca420f354ee41790b3a22bb13a,2000,2598,0.9351010964595462,0.9662526534307299,0.8535825545171339,0.08362989323843416
1,9102,162,2000,RUT,8a3d890259eadd13fdab86b458ea6912735d7fca420f354ee41790b3a22bb13a,2000,2598,0.958984125887259,0.9771746425672724,0.9004376367614879,0.05397390272835113
2,9103,182,200,R0,b1e55aed74163e9433e350d663def9c5092b33b3b49358cc9bf34b363c4d733f,200,2598,0.850590337224933,0.9036986743251962,0.6265243902439024,0.29062870699881377
2,9103,182,200,RUT,b1e55aed74163e9433e350d663def9c5092b33b3b49358cc9bf34b363c4d733f,200,2598,0.8690076785283145,0.9203112318161955,0.6729508196721311,0.23665480427046262
2,9103,182,500,R0,c3067b910c6532080ed25f592eb0a2deade4e358a0473ac23c60ffc25eee7000,500,2598,0.8930322385020214,0.9391551424528106,0.745685740236149,0.166073546856465
2,9103,182,500,RUT,c3067b910c6532080ed25f592eb0a2deade4e358a0473ac23c60ffc25eee7000,500,2598,0.9161155149198741,0.9535851230983747,0.785645933014354,0.132858837485172
2,9103,182,1000,R0,decac508df772d7f3fd2d0b4de5455f84a39539bc886e5dbc4c3f780c97aa100,1000,2598,0.9224779574498949,0.9576673742481946,0.8242971887550201,0.10379596678529063
2,9103,182,1000,RUT,decac508df772d7f3fd2d0b4de5455f84a39539bc886e5dbc4c3f780c97aa100,1000,2598,0.9420501604287712,0.9688664127697655,0.8463917525773196,0.08837485172004746
2,9103,182,2000,R0,ab864699048ef26b5cf57a5b5a45af195ce471f28e46fd356e930b62869a3c7b,2000,2598,0.9346689505174806,0.9647561965411752,0.847265221878225,0.08778173190984578
2,9103,182,2000,RUT,ab864699048ef26b5cf57a5b5a45af195ce471f28e46fd356e930b62869a3c7b,2000,2598,0.9594903130401268,0.977397712846767,0.9003285870755751,0.05397390272835113
3,9104,202,200,R0,3c479b7bb3b9c3283c1477871fc64ddc4beabe8ff8f788e9dae64898c7e20589,200,2598,0.8428310321584993,0.90752338661006,0.6426896012509773,0.27105575326215897
3,9104,202,200,RUT,3c479b7bb3b9c3283c1477871fc64ddc4beabe8ff8f788e9dae64898c7e20589,200,2598,0.874516166891218,0.9230947326798611,0.7176573426573427,0.1915776986951364
3,9104,202,500,R0,e01d236d078a081c8237d043adc372cedeedef4d18b267411a0b3cd40a192d15,500,2598,0.8967755079047728,0.9431001696114545,0.7804182509505704,0.13701067615658363
3,9104,202,500,RUT,e01d236d078a081c8237d043adc372cedeedef4d18b267411a0b3cd40a192d15,500,2598,0.9216655803670643,0.9535246404861502,0.7905859750240154,0.12930011862396204
3,9104,202,1000,R0,1961fbf3c821cc587df939b653e680ca2858d8b9e64b0044b73425694758cea6,1000,2598,0.8989582149747143,0.9446701161266154,0.7658582089552238,0.14887307236061684
3,9104,202,1000,RUT,1961fbf3c821cc587df939b653e680ca2858d8b9e64b0044b73425694758cea6,1000,2598,0.9260878548985786,0.9579567802959355,0.801363193768257,0.12099644128113879
3,9104,202,2000,R0,04da94645634e864a78972e1754693c12c3bc1dffee9139fc7a1573051485b7a,2000,2598,0.922772375848187,0.9578429689288463,0.8177290836653387,0.10854092526690391
3,9104,202,2000,RUT,04da94645634e864a78972e1754693c12c3bc1dffee9139fc7a1573051485b7a,2000,2598,0.9480726759008431,0.9712902697134296,0.8753993610223643,0.0693950177935943
4,9105,222,200,R0,bbc7fef7586f3ee0b0e79292e9347ad42e878a73626e8237071ee9182dfe2056,200,2598,0.863421070118678,0.9277070196249818,0.7278368794326241,0.18208778173190984
4,9105,222,200,RUT,bbc7fef7586f3ee0b0e79292e9347ad42e878a73626e8237071ee9182dfe2056,200,2598,0.8676993427720872,0.931838697425652,0.7452402538531279,0.16666666666666666
4,9105,222,500,R0,32047453f92f87486bdadf37d96d0097c2af0afd4a5a22a2bc540a454f3fe4cb,500,2598,0.8999857444148919,0.9468585461280723,0.7711069418386491,0.14472123368920523
4,9105,222,500,RUT,32047453f92f87486bdadf37d96d0097c2af0afd4a5a22a2bc540a454f3fe4cb,500,2598,0.9125953930702196,0.9525139955463986,0.8035190615835777,0.11921708185053381
4,9105,222,1000,R0,cacaa48a365f706d2b84a54d583e6d0ad9962de58e3ba0186ecf174a0ecdb4e8,1000,2598,0.9109678310945176,0.951334259432686,0.8017578125,0.12040332147093713
4,9105,222,1000,RUT,cacaa48a365f706d2b84a54d583e6d0ad9962de58e3ba0186ecf174a0ecdb4e8,1000,2598,0.9293267149372022,0.9597133774531228,0.8326572008113591,0.09786476868327403
4,9105,222,2000,R0,89a433132e55f8a2b5385c79f7979441a16faa017f3e65be906a53e91233b0ff,2000,2598,0.9387833634132964,0.9677029354227799,0.8623949579831933,0.07769869513641756
4,9105,222,2000,RUT,89a433132e55f8a2b5385c79f7979441a16faa017f3e65be906a53e91233b0ff,2000,2598,0.9505580259381226,0.9725005723085888,0.8678646934460887,0.07413997627520759
5,9106,242,200,R0,5053673bbf43198f1c3247ffc227f9e797033e081d857ad0b1b9b7d3dd8e5ef7,200,2598,0.8263665848255715,0.9022861126719527,0.6334876543209876,0.28173190984578883
5,9106,242,200,RUT,5053673bbf43198f1c3247ffc227f9e797033e081d857ad0b1b9b7d3dd8e5ef7,200,2598,0.8606246753457341,0.9222245634846309,0.6768342951360263,0.232502965599051
5,9106,242,500,R0,ca55fd09bebbbb8807b4e60b26d9ba7a124e82d552e50df49daa870f739ebf57,500,2598,0.8886157659225086,0.9425050987492457,0.7601851851851852,0.15361803084223014
5,9106,242,500,RUT,ca55fd09bebbbb8807b4e60b26d9ba7a124e82d552e50df49daa870f739ebf57,500,2598,0.9086678204496663,0.952284421760213,0.7828571428571428,0.13523131672597866
5,9106,242,1000,R0,989c180e55267d7b108246005c1de9467ce996a22def1a7105cdc561c5323247,1000,2598,0.9193936851549471,0.9575971363759339,0.8242971887550201,0.10379596678529063
5,9106,242,1000,RUT,989c180e55267d7b108246005c1de9467ce996a22def1a7105cdc561c5323247,1000,2598,0.9425306066688115,0.969837386318703,0.8509316770186336,0.08540925266903915
5,9106,242,2000,R0,d2ea9f234b2faddd57f204648d8c650723cb3cb9fe6a3f350e7742f5b500f076,2000,2598,0.9334204017157713,0.9635094743085472,0.8507772020725388,0.08540925266903915
5,9106,242,2000,RUT,d2ea9f234b2faddd57f204648d8c650723cb3cb9fe6a3f350e7742f5b500f076,2000,2598,0.9558109279406217,0.9763155293334165,0.8861439312567132,0.06287069988137604
6,9107,262,200,R0,4d30b7970cf7733f73f943df0f3fc71f1b7bf256f4842bde775054103906a4ff,200,2598,0.8316966963125922,0.893946015691661,0.5923520923520924,0.3351126927639383
6,9107,262,200,RUT,4d30b7970cf7733f73f943df0f3fc71f1b7bf256f4842bde775054103906a4ff,200,2598,0.8729854608658028,0.9166029323010966,0.643921568627451,0.269276393831554
6,9107,262,500,R0,c6443a5e5449796350cafac042e7f0448f147eacc769f46ed9abecf9555ac729,500,2598,0.8845249037448104,0.9314497877255417,0.7170305676855895,0.19217081850533807
6,9107,262,500,RUT,c6443a5e5449796350cafac042e7f0448f147eacc769f46ed9abecf9555ac729,500,2598,0.9232934438188861,0.9532443393477764,0.7552897884084636,0.15776986951364175
6,9107,262,1000,R0,7027d22a7addd565bcbff6bf00db516f7fa175ab1ede25435fafa10520da98f3,1000,2598,0.9125048008666761,0.9516867494953278,0.7767265846736046,0.13997627520759193
6,9107,262,1000,RUT,7027d22a7addd565bcbff6bf00db516f7fa175ab1ede25435fafa10520da98f3,1000,2598,0.9331039331861435,0.9633241243678592,0.8311425682507584,0.09905100830367734
6,9107,262,2000,R0,07c50aca027d8371f65a012e20eaab0dd74ac2ecc10f1069e8c72d58bc269fbc,2000,2598,0.9364146233507695,0.9674063755176792,0.842374616171955,0.09134045077105575
6,9107,262,2000,RUT,07c50aca027d8371f65a012e20eaab0dd74ac2ecc10f1069e8c72d58bc269fbc,2000,2598,0.9541766346800764,0.9752541570414768,0.879957127545552,0.066429418742586
7,9108,282,200,R0,2abd410c6354ec69ac63fcb1b92017a70ad0aa200d08604c99053e5091273c36,200,2598,0.8453548954244425,0.9073809598135313,0.6427457098283932,0.27164887307236063
7,9108,282,200,RUT,2abd410c6354ec69ac63fcb1b92017a70ad0aa200d08604c99053e5091273c36,200,2598,0.8617294779878762,0.9123665480427046,0.6200906344410876,0.29833926453143533
7,9108,282,500,R0,6282dbcd2590168f933a0f6f4c963f4b18a5820cda64e43ca98ca57750b0336f,500,2598,0.8808040766153638,0.9301451842833657,0.6870292887029289,0.22182680901542112
7,9108,282,500,RUT,6282dbcd2590168f933a0f6f4c963f4b18a5820cda64e43ca98ca57750b0336f,500,2598,0.9145366256431999,0.94962643857568,0.761595547309833,0.15243179122182682
7,9108,282,1000,R0,76b85203681cd59b31e8529310e6a86ba6cb477081d16f684b7834e4cec9c81e,1000,2598,0.9167368220179425,0.9551622234708955,0.8096646942800789,0.11447212336892053
7,9108,282,1000,RUT,76b85203681cd59b31e8529310e6a86ba6cb477081d16f684b7834e4cec9c81e,1000,2598,0.9488160216993535,0.9702568625002602,0.870625662778367,0.07236061684460261
7,9108,282,2000,R0,1347791770d9753485ae7f7347b0158e11a4ada637709203d13eff313901ed59,2000,2598,0.9297933271583441,0.9631608863499198,0.836901121304791,0.09489916963226572
7,9108,282,2000,RUT,1347791770d9753485ae7f7347b0158e11a4ada637709203d13eff313901ed59,2000,2598,0.9600290493356922,0.9782906443154148,0.9092920353982301,0.04863582443653618
8,9109,302,200,R0,9400bab87eb6f5c4e5e161e6b9e5d5d72d74d82ce88679291bf005d1a7569a43,200,2598,0.8378543814877503,0.9038371990177103,0.6409055425448869,0.27283511269276395
8,9109,302,200,RUT,9400bab87eb6f5c4e5e161e6b9e5d5d72d74d82ce88679291bf005d1a7569a43,200,2598,0.8843715115740475,0.9330483496701422,0.7164048865619547,0.19276393831553973
8,9109,302,500,R0,68631ed302e6ebbaef92c30de8abde010b3cdee0c140bf88025e9a0adecafa2f,500,2598,0.8985181882378729,0.9411582225135794,0.7644320297951583,0.15005931198102015
8,9109,302,500,RUT,68631ed302e6ebbaef92c30de8abde010b3cdee0c140bf88025e9a0adecafa2f,500,2598,0.9293621904945046,0.9577798849139456,0.8170974155069582,0.10913404507710557
8,9109,302,1000,R0,df9bf5bdbb54b5b10f96dd13d938ba0806d1768988a7c5390e6471ac1c42e63d,1000,2598,0.9314602289753848,0.962244542257185,0.8459958932238193,0.08896797153024912
8,9109,302,1000,RUT,df9bf5bdbb54b5b10f96dd13d938ba0806d1768988a7c5390e6471ac1c42e63d,1000,2598,0.9489753361297042,0.970996961561674,0.8599791013584117,0.07947805456702253
8,9109,302,2000,R0,48b718245fc1b11c03753dbe84015790313c42a4d4e97d10a0b0a98aed781f8a,2000,2598,0.9401197714317534,0.9665739266612559,0.860587002096436,0.07888493475682087
8,9109,302,2000,RUT,48b718245fc1b11c03753dbe84015790313c42a4d4e97d10a0b0a98aed781f8a,2000,2598,0.9591713824742516,0.9763337391521507,0.8962882096069869,0.05634638196915777
9,9110,322,200,R0,159868345d8f559162b786b939535ceb4c7b1ba13a5d0093357870687915d80c,200,2598,0.8175964826944001,0.8890378191921083,0.630568356374808,0.28529062870699884
9,9110,322,200,RUT,159868345d8f559162b786b939535ceb4c7b1ba13a5d0093357870687915d80c,200,2598,0.8421939753532095,0.894807079977524,0.5926459985580389,0.3351126927639383
9,9110,322,500,R0,ac79144a8ab58d2068376492477f94b232ff08ee1cbcf883a783d84b4538cc74,500,2598,0.8812540432991384,0.9327758527397974,0.7376460017969452,0.17319098457888493
9,9110,322,500,RUT,ac79144a8ab58d2068376492477f94b232ff08ee1cbcf883a783d84b4538cc74,500,2598,0.9153174199981303,0.9508380418721775,0.7552897884084636,0.15776986951364175
9,9110,322,1000,R0,c34d4c19c5682b30fb5dd577f35117823f871aa03c3aa2c2c559b65f7244cc5e,1000,2598,0.9189321188443351,0.952485380116959,0.7821122740247384,0.13582443653618032
9,9110,322,1000,RUT,c34d4c19c5682b30fb5dd577f35117823f871aa03c3aa2c2c559b65f7244cc5e,1000,2598,0.9464886365040942,0.9693281617448128,0.8463917525773196,0.08837485172004746
9,9110,322,2000,R0,59481667b61e39dbfb3e9cb8f5f2dc37727b29a66465d03a3c3e07bd0f429cba,2000,2598,0.9371291820294887,0.9621678008782335,0.8571428571428571,0.08125741399762752
9,9110,322,2000,RUT,59481667b61e39dbfb3e9cb8f5f2dc37727b29a66465d03a3c3e07bd0f429cba,2000,2598,0.9597293704884938,0.9766133899398556,0.9041850220264317,0.051601423487544484
